<metadata xml:lang="es"><Esri><CreaDate>20150729</CreaDate><CreaTime>12011400</CreaTime><ArcGISFormat>1.0</ArcGISFormat><ArcGISstyle>GISCO Metadata Editor 2012</ArcGISstyle><SyncOnce>FALSE</SyncOnce><DataProperties><lineage><Process ToolSource="c:\program files (x86)\arcgis\desktop10.1\ArcToolbox\Toolboxes\Data Management Tools.tbx\CalculateField" Date="20150601" Time="191314" Name="" export="">CalculateField NUTS_RG_BN_03M_2013_20150106 NUTS_CODE [NUTS_CODE1] VB #</Process><Process ToolSource="c:\program files (x86)\arcgis\desktop10.1\ArcToolbox\Toolboxes\Data Management Tools.tbx\CalculateField" Date="20150601" Time="191417" Name="" export="">CalculateField NUTS_RG_BN_03M_2013_20150106 NUTS_BN__1 [NUTS_BN_CO] VB #</Process><Process ToolSource="c:\program files (x86)\arcgis\desktop10.1\ArcToolbox\Toolboxes\Conversion Tools.tbx\TableToTable" Date="20150601" Time="192058" Name="" export="">TableToTable C:\G_3M_v3\NUTS_RG_BN_03M_2013_20150106.dbf Y:\SC#1\Elena\GENERALIZACION_03M_20150106.gdb NUTS_RG_BN_03M_2013_20150106 # "NUTS_CODE "NUTS_CODE" true true false 5 Text 0 0 ,First,#,C:\G_3M_v3\NUTS_RG_BN_03M_2013_20150106.dbf,NUTS_CODE,-1,-1;NUTS_BN_CODE "NUTS_BN_CODE" true true false 7 Float 2 6 ,First,#,C:\G_3M_v3\NUTS_RG_BN_03M_2013_20150106.dbf,NUTS_BN_CO,-1,-1;SHAPE_LENG "SHAPE_LENG" true true false 5 Float 2 4 ,First,#,C:\G_3M_v3\NUTS_RG_BN_03M_2013_20150106.dbf,SHAPE_LENG,-1,-1" #</Process><Process ToolSource="c:\program files (x86)\arcgis\desktop10.1\ArcToolbox\Toolboxes\Data Management Tools.tbx\CopyRows" Date="20160209" Time="171724">CopyRows J:\GISCO_1.gdb\NUTS_RG_BN_03M_2013 \\s-tpol\connection-files\PROD\PROD-DIRECT-GISCO.sde\GISCO.NUTS_RG_BN_03M_2013 #</Process><Process ToolSource="c:\program files (x86)\arcgis\desktop10.1\ArcToolbox\Toolboxes\Conversion Tools.tbx\TableToTable" Date="20160210" Time="154604">TableToTable \\s-tpol\connection-files\PROD\PROD-DIRECT-GISCO.sde\GISCO.NUTS_RG_BN_03M_2013 J:\develop\JIRA-2015\GISCO-653_Download_packages\ADMIN-UNITS\NUTS_2013\NUTS_2013_03M_SH\data NUTS_RG_BN_03M_2013.dbf # "NUTS_CODE "NUTS_CODE" true true false 5 Text 0 0 ,First,#,\\s-tpol\connection-files\PROD\PROD-DIRECT-GISCO.sde\GISCO.NUTS_RG_BN_03M_2013,NUTS_CODE,-1,-1;NUTS_BN_CO "NUTS_BN_CODE" true true false 8 Double 8 38 ,First,#,\\s-tpol\connection-files\PROD\PROD-DIRECT-GISCO.sde\GISCO.NUTS_RG_BN_03M_2013,NUTS_BN_CODE,-1,-1" #</Process></lineage><itemProps><itemName Sync="TRUE">NUTS_RG_BN_03M_2013</itemName><itemLocation><linkage Sync="TRUE">file://\\s-tlar\development\develop\JIRA-2015\GISCO-653_Download_packages\ADMIN-UNITS\NUTS_2013\NUTS_2013_03M_SH\data\NUTS_RG_BN_03M_2013.dbf</linkage><protocol Sync="TRUE">Local Area Network</protocol></itemLocation><imsContentType Sync="TRUE">002</imsContentType><itemSize Sync="TRUE">0.000</itemSize></itemProps></DataProperties><SyncDate>20160210</SyncDate><SyncTime>15460200</SyncTime><ModDate>20160210</ModDate><ModTime>15460200</ModTime><ArcGISProfile>INSPIRE</ArcGISProfile><scaleRange><minScale>5000000</minScale><maxScale>50000</maxScale></scaleRange></Esri><eainfo><detailed Name="NUTS_RG_BN_03M_2013"><enttyp><enttypl Sync="TRUE">NUTS_RG_BN_03M_2013</enttypl><enttypt Sync="TRUE">Table</enttypt><enttypc Sync="TRUE">0</enttypc><enttypd>M-N relationship table between NUTS regions and boundaries, for 1:3.000.000 version 2013</enttypd></enttyp><attr><attrlabl Sync="TRUE">OID</attrlabl><attalias Sync="TRUE">OID</attalias><attrtype Sync="TRUE">OID</attrtype><attwidth Sync="TRUE">4</attwidth><atprecis Sync="TRUE">0</atprecis><attscale Sync="TRUE">0</attscale><attrdef Sync="TRUE">Internal feature number.</attrdef><attrdefs Sync="TRUE">Esri</attrdefs><attrdomv><udom Sync="TRUE">Sequential unique whole numbers that are automatically generated.</udom></attrdomv></attr><attr><attrlabl Sync="TRUE">NUTS_CODE</attrlabl><attalias Sync="TRUE">NUTS_CODE</attalias><attrtype Sync="TRUE">String</attrtype><attwidth Sync="TRUE">5</attwidth><atprecis Sync="TRUE">0</atprecis><attscale Sync="TRUE">0</attscale><attrdef>This attribute contains the regional NUTS_CODE. (FK for the relation to NUTS_RG_03M_2013 with PK NUTS_ID)</attrdef><attrdefs>GISCO</attrdefs></attr><attr><attrlabl Sync="TRUE">NUTS_BN_CO</attrlabl><attalias Sync="TRUE">NUTS_BN_CO</attalias><attrtype Sync="TRUE">Double</attrtype><attwidth Sync="TRUE">19</attwidth><atprecis Sync="TRUE">18</atprecis><attscale Sync="TRUE">8</attscale></attr></detailed></eainfo><mdFileID>b4ab0a49-953a-4f45-afeb-24abcaedec8c</mdFileID><mdLang><languageCode value="eng"/><countryCode value="GBR" Sync="TRUE"/></mdLang><mdChar><CharSetCd value="004"/></mdChar><mdHrLvName Sync="TRUE">dataset</mdHrLvName><mdContact xmlns=""><rpOrgName>European Commission, Eurostat (ESTAT), GISCO</rpOrgName><rpCntInfo><cntAddress addressType=""><eMailAdd>estat-gisco@ec.europa.eu</eMailAdd></cntAddress></rpCntInfo><role><RoleCd value="007"/></role></mdContact><mdDateSt Sync="TRUE">20160210</mdDateSt><mdStanName>ArcGIS Metadata</mdStanName><mdStanVer>1.0</mdStanVer><distInfo><distFormat><formatName Sync="TRUE">dBASE Table</formatName></distFormat><distTranOps><transSize Sync="TRUE">0.000</transSize></distTranOps></distInfo><dataIdInfo><idCitation><resTitle Sync="TRUE">NUTS_RG_BN_03M_2013</resTitle><presForm><PresFormCd value="005"/></presForm></idCitation><idAbs>&lt;DIV STYLE="text-align:Left;"&gt;&lt;DIV&gt;&lt;P&gt;&lt;SPAN&gt;This data set represents the regions for level 1, 2 and 3 of the Nomenclature of Territorial Units for Statistics (NUTS) for 2013. The NUTS nomenclature is a hierarchical classification of statistical regions and subdivides the EU economic territory into regions of three different levels (NUTS 1, 2 and 3, respectively, moving from larger to smaller territorial units). NUTS 1 is the most aggregated level. The NUTS classification has been officially established through Regulation (EC) No 1059/2003 of the European Parliament and of the Council and amendments. A non official NUTS-like classification has been defined for the EFTA countries and candidate countries. An introduction to the NUTS classification is available here: http://epp.eurostat.ec.europa.eu/portal/page/portal/nuts_nomenclature/introduction This data set has been created mainly from the EuroBoundary Map v 8.x(Eurogeographics), geographic information from TurkStat for Turkey, the Global Administrative Unit Layer from FAO (UN) for Macedonia and a list of communes per statistical region provided by the countries. Available scales are 1M, 3M, 10M, 20M, 60M). Here six scale ranges (100K, 1M, 3M, 10M and 20M, 60M) are available. Coverage is the economical territory of the EU, EFTA countries and candidate countries as in 2013. This data has been generalised from 100K scale and therfore may not be an accurate depiction of the NUTS regions.&lt;/SPAN&gt;&lt;/P&gt;&lt;P&gt;&lt;SPAN&gt;This table is an attribute table to identify the NUTS Boundaries from the feature class NUTS_BN_03M_2013 that make up a specific NUTS region in the feature class NUTS_RG_03M_2013 (topological relationship table between regions and boundaries of the NUTS_2013 1M dataset)&lt;/SPAN&gt;&lt;/P&gt;&lt;/DIV&gt;&lt;/DIV&gt;</idAbs><idPoC><rpOrgName>European Commission, Eurostat (ESTAT), GISCO</rpOrgName><rpCntInfo><cntAddress><eMailAdd>estat-gisco@ec.europa.eu</eMailAdd></cntAddress></rpCntInfo><role><RoleCd value="007"/></role></idPoC><themeKeys><thesaName><resTitle>GEMET - INSPIRE themes, version 1.0</resTitle><date><pubDate>2008-01-06T00:00:00</pubDate></date></thesaName><keyword>Statistical units</keyword></themeKeys><searchKeys><keyword>Statistical units</keyword></searchKeys><resConst><LegConsts><accessConsts><RestrictCd value="008"/></accessConsts></LegConsts></resConst><resConst><Consts><useLimit>geossAttribution</useLimit></Consts></resConst><spatRpType><SpatRepTypCd value="003" Sync="TRUE"></SpatRepTypCd></spatRpType><dataScale xmlns=""><equScale><rfDenom>3000000</rfDenom></equScale><scaleDist><value uom="m"/></scaleDist></dataScale><dataLang><languageCode value="eng"/><countryCode value="GBR" Sync="TRUE"/></dataLang><dataChar><CharSetCd value="004"/></dataChar><envirDesc Sync="TRUE">Microsoft Windows 7 Version 6.1 (Build 7601) Service Pack 1; Esri ArcGIS 10.1.1.3143</envirDesc><dataExt><geoEle><GeoBndBox><exTypeCode>true</exTypeCode><westBL>-63.153455</westBL><eastBL>55.836629</eastBL><southBL>-21.387309</southBL><northBL>71.185318</northBL></GeoBndBox></geoEle><tempEle><TempExtent><exTemp><TM_Period gmlID="ID0ESZAE"><tmEnd date="unknown"/></TM_Period></exTemp></TempExtent></tempEle></dataExt><tpCat><TopicCatCd value="003"/></tpCat></dataIdInfo><dqInfo><report type="DQDomConsis"><measResult><ConResult><conSpec><resTitle>COMMISSION REGULATION (EU) No 1089/2010 of 23 November 2010 implementing Directive 2007/2/EC of the European Parliament and of the Council as regards interoperability of spatial data sets and services</resTitle><date><createDate>2010-11-11T00:00:00</createDate></date></conSpec><conExpl>See the referenced specification</conExpl><conPass>false</conPass></ConResult></measResult></report><dataLineage><statement>This dataset is based on: EuroBoundaryMap (EBM) v8.x. from EuroGeographics (scale of 1:100.000), Global Administrative Unit Layer (GAUL) 2013 country data from UN/FAO, data from the National Statistical Institute of Turkey (TurkStat), General Register Office for Scotland (GRO) (scale 1:100.000), Digital Chart of the World from ESRI for Kaliningrad, ArcWorld from ESRI for the Aral Sea, the Caspian Sea, some other borders. The different scale levels were derived by generalisation of the 100K scale. This data set consists of 2 feature classes (region polygons and boundaries) per scale level (100k, 1M, 3M, 10M, 20M, 60M). In addition there is also a label feature class (scale independent). This labelpoint feature class was created with a label inside each NUTS region at the 3 NUTS levels (1 - 3) and countries. Furthermore two line feature classes were created: one feature class for cartograhic joiners to identify where NUTS areas have one or more enclaves and a second line feature class for cartographic separators, to identify where the NUTS limits are in the sea. The arcs of two latter feature classes are only useful for cartographic purposes and are not meant to identify actual administrative or statistical boundaries stretching into the sea or any other significance. The boundaries and regions are related to each other through a relationship table. Associated tables contain basic information such as the region's name. The 5 small scale feature classes should be used exclusively for cartographic purposes. This data set is consistent at all scales with the following data sets: "Communes 2013 @ European Commission, Eurostat/GISCO", "Countries 2013, European Commission - Eurostat/GISCO", "Coastlines 2013, European Commission - Eurostat/GISCO", "Exclusive Economic Zones 2013, European Commission - Eurostat/GISCO" . Different tests were performed to ensure conceptual- , domain- and topological- consistency. Manual edits have been made to fix erros in the NUTS in Scotland caused by errros in the source EBM for UKM63 and UKM31.</statement></dataLineage></dqInfo><spatRepInfo><VectSpatRep><topLvl><TopoLevCd value="001"/></topLvl><geometObjs><geoObjTyp><GeoObjTypCd value="002"/></geoObjTyp><geoObjCnt>8887</geoObjCnt></geometObjs></VectSpatRep></spatRepInfo><refSysInfo><RefSystem><refSysID><idCodeSpace>EPSG</idCodeSpace><idVersion>7.4.1</idVersion></refSysID></RefSystem></refSysInfo><mdHrLv><ScopeCd value="007" Sync="TRUE"/></mdHrLv></metadata>
