<?xml version="1.0" encoding="UTF-8"?>
<metadata xml:lang="fr"><Esri><CreaDate>20160405</CreaDate><CreaTime>15451000</CreaTime><ArcGISFormat>1.0</ArcGISFormat><SyncOnce>TRUE</SyncOnce><DataProperties><lineage><Process ToolSource="c:\program files\arcgis\desktop10.2\ArcToolbox\Toolboxes\Data Management Tools.tbx\CalculateField" Date="20160315" Time="112259">CalculateField geom_eu34_nuts2013_poly id_1 [ID] VB #</Process><Process ToolSource="c:\program files\arcgis\desktop10.2\ArcToolbox\Toolboxes\Data Management Tools.tbx\CalculateField" Date="20160315" Time="112355">CalculateField geom_eu34_nuts2013_poly id_1 [ID] VB #</Process><Process ToolSource="c:\program files\arcgis\desktop10.2\ArcToolbox\Toolboxes\Data Management Tools.tbx\CalculateField" Date="20160315" Time="112421">CalculateField geom_eu34_nuts2013_poly id "[id_1] " VB #</Process></lineage></DataProperties></Esri></metadata>
