CNTR_CODE,NUTS_ID,NUTS_NAME
AT,AT1,OSTÖSTERREICH
AT,AT11,Burgenland (AT)
AT,AT111,Mittelburgenland
AT,AT112,Nordburgenland
AT,AT113,Südburgenland
AT,AT12,Niederösterreich
AT,AT121,Mostviertel-Eisenwurzen
AT,AT122,Niederösterreich-Süd
AT,AT123,Sankt Pölten
AT,AT124,Waldviertel
AT,AT125,Weinviertel
AT,AT126,Wiener Umland/Nordteil
AT,AT127,Wiener Umland/Südteil
AT,AT13,Wien
AT,AT130,Wien
AT,AT2,SÜDÖSTERREICH
AT,AT21,Kärnten
AT,AT211,Klagenfurt-Villach
AT,AT212,Oberkärnten
AT,AT213,Unterkärnten
AT,AT221,Graz
AT,AT222,Liezen
AT,AT223,Östliche Obersteiermark
AT,AT225,West- und Südsteiermark
AT,AT226,Westliche Obersteiermark
AT,AT31,Oberösterreich
AT,AT311,Innviertel
AT,AT312,Linz-Wels
AT,AT313,Mühlviertel
AT,AT314,Steyr-Kirchdorf
AT,AT32,Salzburg
AT,AT321,Lungau
AT,AT322,Pinzgau-Pongau
AT,AT323,Salzburg und Umgebung
AT,AT33,Tirol
AT,AT332,Innsbruck
AT,AT333,Osttirol
AT,AT334,Tiroler Oberland
AT,AT335,Tiroler Unterland
AT,AT34,Vorarlberg
AT,AT342,Rheintal-Bodenseegebiet
BE,BE1,RÉGION DE BRUXELLES-CAPITALE / BRUSSELS HOOFDSTEDELIJK GEWEST
BE,BE100,Arr. de Bruxelles-Capitale / Arr. van Brussel-Hoofdstad
BE,BE2,VLAAMS GEWEST
BE,BE21,Prov. Antwerpen
BE,BE211,Arr. Antwerpen
BE,BE212,Arr. Mechelen
BE,BE213,Arr. Turnhout
BE,BE22,Prov. Limburg (BE)
BE,BE221,Arr. Hasselt
BE,BE222,Arr. Maaseik
BE,BE223,Arr. Tongeren
BE,BE23,Prov. Oost-Vlaanderen
BE,BE231,Arr. Aalst
BE,BE232,Arr. Dendermonde
BE,BE233,Arr. Eeklo
BE,BE234,Arr. Gent
BE,BE236,Arr. Sint-Niklaas
BE,BE24,Prov. Vlaams-Brabant
BE,BE241,Arr. Halle-Vilvoorde
BE,BE242,Arr. Leuven
BE,BE251,Arr. Brugge
BE,BE252,Arr. Diksmuide
BE,BE253,Arr. Ieper
BE,BE254,Arr. Kortrijk
BE,BE255,Arr. Oostende
BE,BE256,Arr. Roeselare
BE,BE257,Arr. Tielt
BE,BE3,RÉGION WALLONNE
BE,BE31,Prov. Brabant Wallon
BE,BE310,Arr. Nivelles
BE,BE321,Arr. Ath
BE,BE322,Arr. Charleroi
BE,BE323,Arr. Mons
BE,BE324,Arr. Mouscron
BE,BE325,Arr. Soignies
BE,BE327,Arr. Tournai
BE,BE33,Prov. Liège
BE,BE331,Arr. Huy
BE,BE334,Arr. Waremme
BE,BE335,Arr. Verviers - communes francophones
BE,BE336,Bezirk Verviers - Deutschsprachige Gemeinschaft
BE,BE34,Prov. Luxembourg (BE)
BE,BE341,Arr. Arlon
BE,BE342,Arr. Bastogne
BE,BE343,Arr. Marche-en-Famenne
BE,BE344,Arr. Neufchâteau
BE,BE345,Arr. Virton
BE,BE35,Prov. Namur
BE,BE351,Arr. Dinant
BE,BE352,Arr. Namur
BE,BE353,Arr. Philippeville
BG,BG31,Северозападен
BG,BG311,Видин
BG,BG312,Монтана
BG,BG313,Враца
BG,BG314,Плевен
BG,BG315,Ловеч
BG,BG321,Велико Търново
BG,BG322,Габрово
BG,BG323,Русе
BG,BG324,Разград
BG,BG33,Североизточен
BG,BG332,Добрич
BG,BG333,Шумен
BG,BG34,Югоизточен
BG,BG342,Сливен
BG,BG343,Ямбол
BG,BG41,Югозападен
BG,BG411,София (столица)
BG,BG412,София
BG,BG413,Благоевград
BG,BG414,Перник
BG,BG415,Кюстендил
BG,BG42,Южен централен
BG,BG421,Пловдив
BG,BG423,Пазарджик
BG,BG425,Кърджали
CH,CH0,SCHWEIZ/SUISSE/SVIZZERA
CH,CH011,Vaud
CH,CH012,Valais
CH,CH013,Genève
CH,CH02,Espace Mittelland
CH,CH021,Bern
CH,CH022,Freiburg
CH,CH023,Solothurn
CH,CH024,Neuchâtel
CH,CH025,Jura
CH,CH03,Nordwestschweiz
CH,CH032,Basel-Landschaft
CH,CH033,Aargau
CH,CH04,Zürich
CH,CH040,Zürich
CH,CH05,Ostschweiz
CH,CH052,Schaffhausen
CH,CH053,Appenzell Ausserrhoden
CH,CH055,St. Gallen
CH,CH056,Graubünden
CH,CH057,Thurgau
CH,CH06,Zentralschweiz
CH,CH061,Luzern
CH,CH062,Uri
CH,CH063,Schwyz
CH,CH064,Obwalden
CH,CH065,Nidwalden
CH,CH066,Zug
CH,CH07,Ticino
CH,CH070,Ticino
CY,CY0,ΚΥΠΡΟΣ
CY,CY00,Κύπρος
CY,CY000,Κύπρος
CZ,CZ0,CESKÁ REPUBLIKA
CZ,CZ01,Praha
CZ,CZ010,Hlavní mesto Praha
CZ,CZ02,Strední Cechy
CZ,CZ020,Stredoceský kraj
CZ,CZ03,Jihozápad
CZ,CZ031,Jihoceský kraj
CZ,CZ032,Plzenský kraj
CZ,CZ04,Severozápad
CZ,CZ041,Karlovarský kraj
CZ,CZ042,Ústecký kraj
CZ,CZ05,Severovýchod
CZ,CZ052,Královéhradecký kraj
CZ,CZ053,Pardubický kraj
CZ,CZ063,Kraj Vysocina
CZ,CZ064,Jihomoravský kraj
CZ,CZ07,Strední Morava
CZ,CZ072,Zlínský kraj
CZ,CZ08,Moravskoslezsko
CZ,CZ080,Moravskoslezský kraj
DE,DE14,Tübingen
DE,DE11,Stuttgart
DE,DE111,"Stuttgart, Stadtkreis"
DE,DE112,Böblingen
DE,DE113,Esslingen
DE,DE114,Göppingen
DE,DE115,Ludwigsburg
DE,DE117,"Heilbronn, Stadtkreis"
DE,DE118,"Heilbronn, Landkreis"
DE,DE119,Hohenlohekreis
DE,DE11B,Main-Tauber-Kreis
DE,DE11C,Heidenheim
DE,DE11D,Ostalbkreis
DE,DE12,Karlsruhe
DE,DE121,"Baden-Baden, Stadtkreis"
DE,DE123,"Karlsruhe, Landkreis"
DE,DE124,Rastatt
DE,DE125,"Heidelberg, Stadtkreis"
DE,DE126,"Mannheim, Stadtkreis"
DE,DE127,Neckar-Odenwald-Kreis
DE,DE128,Rhein-Neckar-Kreis
DE,DE12A,Calw
DE,DE12B,Enzkreis
DE,DE12C,Freudenstadt
DE,DE13,Freiburg
DE,DE131,"Freiburg im Breisgau, Stadtkreis"
DE,DE132,Breisgau-Hochschwarzwald
DE,DE134,Ortenaukreis
DE,DE135,Rottweil
DE,DE136,Schwarzwald-Baar-Kreis
DE,DE137,Tuttlingen
DE,DE139,Lörrach
DE,DE13A,Waldshut
DE,DE141,Reutlingen
DE,DE143,Zollernalbkreis
DE,DE144,"Ulm, Stadtkreis"
DE,DE145,Alb-Donau-Kreis
DE,DE146,Biberach
DE,DE147,Bodenseekreis
DE,DE148,Ravensburg
DE,DE149,Sigmaringen
DE,DE2,BAYERN
DE,DE211,"Ingolstadt, Kreisfreie Stadt"
DE,DE213,"Rosenheim, Kreisfreie Stadt"
DE,DE214,Altötting
DE,DE215,Berchtesgadener Land
DE,DE216,Bad Tölz-Wolfratshausen
DE,DE217,Dachau
DE,DE218,Ebersberg
DE,DE219,Eichstätt
DE,DE21A,Erding
DE,DE21B,Freising
DE,DE21C,Fürstenfeldbruck
DE,DE21D,Garmisch-Partenkirchen
DE,DE21E,Landsberg am Lech
DE,DE21F,Miesbach
DE,DE21G,Mühldorf a. Inn
DE,DE21H,"München, Landkreis"
DE,DE21I,Neuburg-Schrobenhausen
DE,DE21J,Pfaffenhofen a. d. Ilm
DE,DE21K,"Rosenheim, Landkreis"
DE,DE21L,Starnberg
DE,DE21M,Traunstein
DE,DE21N,Weilheim-Schongau
DE,DE22,Niederbayern
DE,DE221,"Landshut, Kreisfreie Stadt"
DE,DE222,"Passau, Kreisfreie Stadt"
DE,DE223,"Straubing, Kreisfreie Stadt"
DE,DE224,Deggendorf
DE,DE225,Freyung-Grafenau
DE,DE226,Kelheim
DE,DE228,"Passau, Landkreis"
DE,DE229,Regen
DE,DE22A,Rottal-Inn
DE,DE22B,Straubing-Bogen
DE,DE22C,Dingolfing-Landau
DE,DE23,Oberpfalz
DE,DE232,"Regensburg, Kreisfreie Stadt"
DE,DE233,"Weiden i. d. Opf, Kreisfreie Stadt"
DE,DE234,Amberg-Sulzbach
DE,DE235,Cham
DE,DE236,Neumarkt i. d. OPf.
DE,DE238,"Regensburg, Landkreis"
DE,DE239,Schwandorf
DE,DE23A,Tirschenreuth
DE,DE24,Oberfranken
DE,DE241,"Bamberg, Kreisfreie Stadt"
DE,DE242,"Bayreuth, Kreisfreie Stadt"
DE,DE244,"Hof, Kreisfreie Stadt"
DE,DE245,"Bamberg, Landkreis"
DE,DE246,"Bayreuth, Landkreis"
DE,DE247,"Coburg, Landkreis"
DE,DE248,Forchheim
DE,DE249,"Hof, Landkreis"
DE,DE24A,Kronach
DE,DE24C,Lichtenfels
DE,DE24D,Wunsiedel i. Fichtelgebirge
DE,DE251,"Ansbach, Kreisfreie Stadt"
DE,DE252,"Erlangen, Kreisfreie Stadt"
DE,DE254,"Nürnberg, Kreisfreie Stadt"
DE,DE255,"Schwabach, Kreisfreie Stadt"
DE,DE256,"Ansbach, Landkreis"
DE,DE257,Erlangen-Höchstadt
DE,DE259,Nürnberger Land
DE,DE25A,Neustadt a. d. Aisch-Bad Windsheim
DE,DE25B,Roth
DE,DE25C,Weißenburg-Gunzenhausen
DE,DE261,"Aschaffenburg, Kreisfreie Stadt"
DE,DE262,"Schweinfurt, Kreisfreie Stadt"
DE,DE264,"Aschaffenburg, Landkreis"
DE,DE265,Bad Kissingen
DE,DE266,Rhön-Grabfeld
DE,DE267,Haßberge
DE,DE268,Kitzingen
DE,DE269,Miltenberg
DE,DE26A,Main-Spessart
DE,DE26C,"Würzburg, Landkreis"
DE,DE27,Schwaben
DE,DE271,"Augsburg, Kreisfreie Stadt"
DE,DE272,"Kaufbeuren, Kreisfreie Stadt"
DE,DE274,"Memmingen, Kreisfreie Stadt"
DE,DE275,Aichach-Friedberg
DE,DE276,"Augsburg, Landkreis"
DE,DE277,Dillingen a.d. Donau
DE,DE278,Günzburg
DE,DE279,Neu-Ulm
DE,DE27A,Lindau (Bodensee)
DE,DE27B,Ostallgäu
DE,DE27C,Unterallgäu
DE,DE27D,Donau-Ries
DE,DE27E,Oberallgäu
DE,DE3,BERLIN
DE,DE30,Berlin
DE,DE300,Berlin
DE,DE4,BRANDENBURG
DE,DE40,Brandenburg
DE,DE401,"Brandenburg an der Havel, Kreisfreie Stadt"
DE,DE402,"Cottbus, Kreisfreie Stadt"
DE,DE403,"Frankfurt (Oder), Kreisfreie Stadt"
DE,DE404,"Potsdam, Kreisfreie Stadt"
DE,DE405,Barnim
DE,DE407,Elbe-Elster
DE,DE408,Havelland
DE,DE409,Märkisch-Oderland
DE,DE40A,Oberhavel
DE,DE40B,Oberspreewald-Lausitz
DE,DE40D,Ostprignitz-Ruppin
DE,DE40E,Potsdam-Mittelmark
DE,DE40F,Prignitz
DE,DE40H,Teltow-Fläming
DE,DE40I,Uckermark
DE,DE5,BREMEN
DE,DE50,Bremen
DE,DE501,"Bremen, Kreisfreie Stadt"
DE,DE6,HAMBURG
DE,DE60,Hamburg
DE,DE600,Hamburg
DE,DE7,HESSEN
DE,DE71,Darmstadt
DE,DE711,"Darmstadt, Kreisfreie Stadt"
DE,DE712,"Frankfurt am Main, Kreisfreie Stadt"
DE,DE714,"Wiesbaden, Kreisfreie Stadt"
DE,DE715,Bergstraße
DE,DE716,Darmstadt-Dieburg
DE,DE717,Groß-Gerau
DE,DE718,Hochtaunuskreis
DE,DE719,Main-Kinzig-Kreis
DE,DE71A,Main-Taunus-Kreis
DE,DE71B,Odenwaldkreis
DE,DE71C,"Offenbach, Landkreis"
DE,DE71E,Wetteraukreis
DE,DE72,Gießen
DE,DE721,"Gießen, Landkreis"
DE,DE722,Lahn-Dill-Kreis
DE,DE723,Limburg-Weilburg
DE,DE725,Vogelsbergkreis
DE,DE73,Kassel
DE,DE731,"Kassel, Kreisfreie Stadt"
DE,DE732,Fulda
DE,DE733,Hersfeld-Rotenburg
DE,DE734,"Kassel, Landkreis"
DE,DE736,Waldeck-Frankenberg
DE,DE737,Werra-Meißner-Kreis
DE,DE8,MECKLENBURG-VORPOMMERN
DE,DE80,Mecklenburg-Vorpommern
DE,DE804,"Schwerin, Kreisfreie Stadt"
DE,DE80J,Mecklenburgische Seenplatte
DE,DE80K,Landkreis Rostock
DE,DE80L,Vorpommern-Rügen
DE,DE80N,Vorpommern-Greifswald
DE,DE80O,Ludwigslust-Parchim
DE,DE9,NIEDERSACHSEN
DE,DE91,Braunschweig
DE,DE911,"Braunschweig, Kreisfreie Stadt"
DE,DE913,"Wolfsburg, Kreisfreie Stadt"
DE,DE914,Gifhorn
DE,DE915,Göttingen
DE,DE916,Goslar
DE,DE917,Helmstedt
DE,DE918,Northeim
DE,DE919,Osterode am Harz
DE,DE91A,Peine
DE,DE91B,Wolfenbüttel
DE,DE92,Hannover
DE,DE922,Diepholz
DE,DE923,Hameln-Pyrmont
DE,DE925,Hildesheim
DE,DE926,Holzminden
DE,DE927,Nienburg (Weser)
DE,DE928,Schaumburg
DE,DE929,Region Hannover
DE,DE93,Lüneburg
DE,DE931,Celle
DE,DE932,Cuxhaven
DE,DE933,Harburg
DE,DE934,Lüchow-Dannenberg
DE,DE935,"Lüneburg, Landkreis"
DE,DE936,Osterholz
DE,DE937,Rotenburg (Wümme)
DE,DE938,Heidekreis
DE,DE939,Stade
DE,DE93A,Uelzen
DE,DE93B,Verden
DE,DE94,Weser-Ems
DE,DE941,"Delmenhorst, Kreisfreie Stadt"
DE,DE942,"Emden, Kreisfreie Stadt"
DE,DE944,"Osnabrück, Kreisfreie Stadt"
DE,DE945,"Wilhelmshaven, Kreisfreie Stadt"
DE,DE946,Ammerland
DE,DE947,Aurich
DE,DE948,Cloppenburg
DE,DE949,Emsland
DE,DE94A,Friesland (DE)
DE,DE94B,Grafschaft Bentheim
DE,DE94C,Leer
DE,DE94D,"Oldenburg, Landkreis"
DE,DE94F,Vechta
DE,DE94G,Wesermarsch
DE,DE94H,Wittmund
DE,DEA,NORDRHEIN-WESTFALEN
DE,DEA1,Düsseldorf
DE,DEA11,"Düsseldorf, Kreisfreie Stadt"
DE,DEA13,"Essen, Kreisfreie Stadt"
DE,DEA14,"Krefeld, Kreisfreie Stadt"
DE,DEA15,"Mönchengladbach, Kreisfreie Stadt"
DE,DEA17,"Oberhausen, Kreisfreie Stadt"
DE,DEA18,"Remscheid, Kreisfreie Stadt"
DE,DEA19,"Solingen, Kreisfreie Stadt"
DE,DEA1A,"Wuppertal, Kreisfreie Stadt"
DE,DEA1B,Kleve
DE,DEA1C,Mettmann
DE,DEA1D,Rhein-Kreis Neuss
DE,DEA1E,Viersen
DE,DEA1F,Wesel
DE,DEA2,Köln
DE,DEA23,"Köln, Kreisfreie Stadt"
DE,DEA24,"Leverkusen, Kreisfreie Stadt"
DE,DEA26,Düren
DE,DEA27,Rhein-Erft-Kreis
DE,DEA28,Euskirchen
DE,DEA29,Heinsberg
DE,DEA2B,Rheinisch-Bergischer Kreis
DE,DEA2C,Rhein-Sieg-Kreis
DE,DEA2D,Städteregion Aachen
DE,DEA3,Münster
DE,DEA32,"Gelsenkirchen, Kreisfreie Stadt"
DE,DEA33,"Münster, Kreisfreie Stadt"
DE,DEA34,Borken
DE,DEA35,Coesfeld
DE,DEA36,Recklinghausen
DE,DEA37,Steinfurt
DE,DEA38,Warendorf
DE,DEA4,Detmold
DE,DEA42,Gütersloh
DE,DEA43,Herford
DE,DEA44,Höxter
DE,DEA45,Lippe
DE,DEA46,Minden-Lübbecke
DE,DEA47,Paderborn
DE,DEA5,Arnsberg
DE,DEA51,"Bochum, Kreisfreie Stadt"
DE,DEA52,"Dortmund, Kreisfreie Stadt"
DE,DEA53,"Hagen, Kreisfreie Stadt"
DE,DEA54,"Hamm, Kreisfreie Stadt"
DE,DEA55,"Herne, Kreisfreie Stadt"
DE,DEA56,Ennepe-Ruhr-Kreis
DE,DEA57,Hochsauerlandkreis
DE,DEA58,Märkischer Kreis
DE,DEA59,Olpe
DE,DEA5A,Siegen-Wittgenstein
DE,DEA5B,Soest
DE,DEA5C,Unna
DE,DEB,RHEINLAND-PFALZ
DE,DEB1,Koblenz
DE,DEB11,"Koblenz, Kreisfreie Stadt"
DE,DEB12,Ahrweiler
DE,DEB13,Altenkirchen (Westerwald)
DE,DEB14,Bad Kreuznach
DE,DEB15,Birkenfeld
DE,DEB16,Cochem-Zell
DE,DEB17,Mayen-Koblenz
DE,DEB18,Neuwied
DE,DEB19,Rhein-Hunsrück-Kreis
DE,DEB1A,Rhein-Lahn-Kreis
DE,DEB2,Trier
DE,DEB21,"Trier, Kreisfreie Stadt"
DE,DEB22,Bernkastel-Wittlich
DE,DEB23,Eifelkreis Bitburg-Prüm
DE,DEB25,Trier-Saarburg
DE,DEB3,Rheinhessen-Pfalz
DE,DEB32,"Kaiserslautern, Kreisfreie Stadt"
DE,DEB33,"Landau in der Pfalz, Kreisfreie Stadt"
DE,DEB34,"Ludwigshafen am Rhein, Kreisfreie Stadt"
DE,DEB35,"Mainz, Kreisfreie Stadt"
DE,DEB37,"Pirmasens, Kreisfreie Stadt"
DE,DEB38,"Speyer, Kreisfreie Stadt"
DE,DEB39,"Worms, Kreisfreie Stadt"
DE,DEB3A,"Zweibrücken, Kreisfreie Stadt"
DE,DEB3B,Alzey-Worms
DE,DEB3C,Bad Dürkheim
DE,DEB3D,Donnersbergkreis
DE,DEB3E,Germersheim
DE,DEB3F,"Kaiserslautern, Landkreis"
DE,DEB3G,Kusel
DE,DEB3H,Südliche Weinstraße
DE,DEB3J,Mainz-Bingen
DE,DEB3K,Südwestpfalz
DE,DEC,SAARLAND
DE,DEC0,Saarland
DE,DEC02,Merzig-Wadern
DE,DEC03,Neunkirchen
DE,DEC04,Saarlouis
DE,DEC05,Saarpfalz-Kreis
DE,DEC06,St. Wendel
DE,DED,SACHSEN
DE,DED2,Dresden
DE,DED21,"Dresden, Kreisfreie Stadt"
DE,DED2C,Bautzen
DE,DED2D,Görlitz
DE,DED2E,Meißen
DE,DED4,Chemnitz
DE,DED41,"Chemnitz, Kreisfreie Stadt"
DE,DED42,Erzgebirgskreis
DE,DED43,Mittelsachsen
DE,DED44,Vogtlandkreis
DE,DED45,Zwickau
DE,DED5,Leipzig
DE,DED51,"Leipzig, Kreisfreie Stadt"
DE,DED52,Leipzig
DE,DED53,Nordsachsen
DE,DEE,SACHSEN-ANHALT
DE,DEE01,"Dessau-Roßlau, Kreisfreie Stadt"
DE,DEE02,"Halle (Saale), Kreisfreie Stadt"
DE,DEE04,Altmarkkreis Salzwedel
DE,DEE05,Anhalt-Bitterfeld
DE,DEE06,Jerichower Land
DE,DEE07,Börde
DE,DEE08,Burgenland (DE)
DE,DEE09,Harz
DE,DEE0A,Mansfeld-Südharz
DE,DEE0B,Saalekreis
DE,DEE0C,Salzlandkreis
DE,DEE0D,Stendal
DE,DEE0E,Wittenberg
DE,DEF,SCHLESWIG-HOLSTEIN
DE,DEF0,Schleswig-Holstein
DE,DEF01,"Flensburg, Kreisfreie Stadt"
DE,DEF02,"Kiel, Kreisfreie Stadt"
DE,DEF03,"Lübeck, Kreisfreie Stadt"
DE,DEF04,"Neumünster, Kreisfreie Stadt"
DE,DEF05,Dithmarschen
DE,DEF06,Herzogtum Lauenburg
DE,DEF07,Nordfriesland
DE,DEF08,Ostholstein
DE,DEF09,Pinneberg
DE,DEF0B,Rendsburg-Eckernförde
DE,DEF0D,Segeberg
DE,DEF0E,Steinburg
DE,DEF0F,Stormarn
DE,DEG,THÜRINGEN
DE,DEG0,Thüringen
DE,DEG01,"Erfurt, Kreisfreie Stadt"
DE,DEG03,"Jena, Kreisfreie Stadt"
DE,DEG04,"Suhl, Kreisfreie Stadt"
DE,DEG05,"Weimar, Kreisfreie Stadt"
DE,DEG06,Eichsfeld
DE,DEG07,Nordhausen
DE,DEG09,Unstrut-Hainich-Kreis
DE,DEG0B,Schmalkalden-Meiningen
DE,DEG0C,Gotha
DE,DEG0D,Sömmerda
DE,DEG0E,Hildburghausen
DE,DEG0F,Ilm-Kreis
DE,DEG0H,Sonneberg
DE,DEG0I,Saalfeld-Rudolstadt
DE,DEG0J,Saale-Holzland-Kreis
DE,DEG0K,Saale-Orla-Kreis
DE,DEG0L,Greiz
DE,DEG0N,"Eisenach, Kreisfreie Stadt"
DE,DEG0P,Wartburgkreis
DK,DK0,DANMARK
DK,DK01,Hovedstaden
DK,DK012,Københavns omegn
DK,DK013,Nordsjælland
DK,DK014,Bornholm
DK,DK02,Sjælland
DK,DK022,Vest- og Sydsjælland
DK,DK03,Syddanmark
DK,DK031,Fyn
DK,DK032,Sydjylland
DK,DK04,Midtjylland
DK,DK041,Vestjylland
DK,DK042,Østjylland
DK,DK050,Nordjylland
EE,EE0,EESTI
EE,EE00,Eesti
EE,EE001,Põhja-Eesti
EE,EE006,Kesk-Eesti
EE,EE007,Kirde-Eesti
EE,EE008,Lõuna-Eesti
EL,EL3,ATTIKΗ
EL,EL302,Δυτικός Τομέας Αθηνών 
EL,EL303,Κεντρικός Τομέας Αθηνών
EL,EL305,Ανατολική Αττική
EL,EL306,Δυτική Αττική
EL,EL4,"NΗΣΙΑ ΑΙΓΑΙΟΥ, KΡΗΤΗ"
EL,EL41,Βόρειο Αιγαίο
EL,EL412,"Ικαρία, Σάμος"
EL,EL413,Χίος
EL,EL421,"Κάλυμνος, Κάρπαθος, Κως, Ρόδος"
EL,EL43,Κρήτη
EL,EL431,Ηράκλειο
EL,EL432,Λασίθι
EL,EL433,Ρεθύμνη
EL,EL434,Χανιά
EL,EL5,ΒΟΡΕΙΑ ΕΛΛΑΔΑ
EL,EL51,"Aνατολική Μακεδονία, Θράκη"
EL,EL512,Ξάνθη
EL,EL514,Δράμα
EL,EL52,Κεντρική Μακεδονία
EL,EL521,Ημαθία
EL,EL523,Κιλκίς
EL,EL524,Πέλλα
EL,EL525,Πιερία
EL,EL526,Σέρρες
EL,EL53,Δυτική Μακεδονία
EL,EL532,Καστοριά
EL,EL533,Φλώρινα
EL,EL541,"Άρτα, Πρέβεζα"
EL,EL543,Ιωάννινα
EL,EL6,ΚΕΝΤΡΙΚΗ ΕΛΛΑΔΑ
EL,EL611,"Καρδίτσα, Τρίκαλα"
EL,EL613,Μαγνησία
EL,EL621,Ζάκυνθος
EL,EL622,Κέρκυρα
EL,EL624,Λευκάδα
EL,EL63,Δυτική Ελλάδα
EL,EL632,Αχαΐα
EL,EL633,Ηλεία
EL,EL64,Στερεά Ελλάδα
EL,EL641,Βοιωτία
EL,EL643,Ευρυτανία
EL,EL644,Φθιώτιδα
EL,EL645,Φωκίδα
EL,EL65,Πελοπόννησος
EL,EL651,"Αργολίδα, Αρκαδία"
EL,EL652,Κορινθία
ES,ES1,NOROESTE
ES,ES11,Galicia
ES,ES111,A Coruña
ES,ES112,Lugo
ES,ES113,Ourense
ES,ES114,Pontevedra
ES,ES12,Principado de Asturias
ES,ES120,Asturias
ES,ES13,Cantabria
ES,ES130,Cantabria
ES,ES2,NORESTE
ES,ES21,País Vasco
ES,ES211,Araba/Álava
ES,ES212,Gipuzkoa
ES,ES213,Bizkaia
ES,ES22,Comunidad Foral de Navarra
ES,ES220,Navarra
ES,ES23,La Rioja
ES,ES230,La Rioja
ES,ES24,Aragón
ES,ES241,Huesca
ES,ES242,Teruel
ES,ES243,Zaragoza
ES,ES3,COMUNIDAD DE MADRID
ES,ES30,Comunidad de Madrid
ES,ES4,CENTRO (ES)
ES,ES41,Castilla y León
ES,ES412,Burgos
ES,ES413,León
ES,ES414,Palencia
ES,ES415,Salamanca
ES,ES417,Soria
ES,ES418,Valladolid
ES,ES419,Zamora
ES,ES42,Castilla-La Mancha
ES,ES422,Ciudad Real
ES,ES423,Cuenca
ES,ES424,Guadalajara
ES,ES425,Toledo
ES,ES431,Badajoz
ES,ES432,Cáceres
ES,ES5,ESTE
ES,ES51,Cataluña
ES,ES511,Barcelona
ES,ES513,Lleida
ES,ES514,Tarragona
ES,ES52,Comunidad Valenciana
ES,ES522,Castellón / Castelló
ES,ES523,Valencia / València
ES,ES53,Illes Balears
ES,ES532,Mallorca
ES,ES533,Menorca
ES,ES6,SUR
ES,ES61,Andalucía
ES,ES611,Almería
ES,ES612,Cádiz
ES,ES613,Córdoba
ES,ES614,Granada
ES,ES615,Huelva
ES,ES617,Málaga
ES,ES618,Sevilla
ES,ES620,Murcia
ES,ES63,Ciudad Autónoma de Ceuta
ES,ES630,Ceuta
ES,ES64,Ciudad Autónoma de Melilla
ES,ES640,Melilla
ES,ES7,CANARIAS
ES,ES703,El Hierro
ES,ES704,Fuerteventura
ES,ES705,Gran Canaria
ES,ES706,La Gomera
ES,ES708,Lanzarote
ES,ES709,Tenerife
FI,FI1,MANNER-SUOMI
FI,FI193,Keski-Suomi
FI,FI194,Etelä-Pohjanmaa
FI,FI195,Pohjanmaa
FI,FI196,Satakunta
FI,FI197,Pirkanmaa
FI,FI1B1,Helsinki-Uusimaa
FI,FI1C,Etelä-Suomi
FI,FI1C1,Varsinais-Suomi
FI,FI1C2,Kanta-Häme
FI,FI1C4,Kymenlaakso
FI,FI1C5,Etelä-Karjala
FI,FI1D,Pohjois- ja Itä-Suomi
FI,FI1D1,Etelä-Savo
FI,FI1D2,Pohjois-Savo
FI,FI1D3,Pohjois-Karjala
FI,FI1D4,Kainuu
FI,FI1D5,Keski-Pohjanmaa
FI,FI1D6,Pohjois-Pohjanmaa
FI,FI1D7,Lappi
FI,FI2,ÅLAND
FI,FI20,Åland
FI,FI200,Åland
FR,FR1,ÎLE DE FRANCE
FR,FR10,Île de France
FR,FR101,Paris
FR,FR102,Seine-et-Marne
FR,FR103,Yvelines
FR,FR104,Essonne
FR,FR105,Hauts-de-Seine
FR,FR106,Seine-Saint-Denis
FR,FR107,Val-de-Marne
FR,FR108,Val-d'Oise
FR,FR2,BASSIN PARISIEN
FR,FR21,Champagne-Ardenne
FR,FR211,Ardennes
FR,FR212,Aube
FR,FR213,Marne
FR,FR214,Haute-Marne
FR,FR22,Picardie
FR,FR221,Aisne
FR,FR222,Oise
FR,FR223,Somme
FR,FR23,Haute-Normandie
FR,FR231,Eure
FR,FR232,Seine-Maritime
FR,FR24,Centre
FR,FR241,Cher
FR,FR242,Eure-et-Loir
FR,FR243,Indre
FR,FR244,Indre-et-Loire
FR,FR245,Loir-et-Cher
FR,FR246,Loiret
FR,FR25,Basse-Normandie
FR,FR251,Calvados
FR,FR252,Manche
FR,FR253,Orne
FR,FR26,Bourgogne
FR,FR261,Côte-d'Or
FR,FR262,Nièvre
FR,FR264,Yonne
FR,FR3,NORD - PAS-DE-CALAIS
FR,FR30,Nord - Pas-de-Calais
FR,FR301,Nord
FR,FR302,Pas-de-Calais
FR,FR4,EST
FR,FR41,Lorraine
FR,FR412,Meuse
FR,FR413,Moselle
FR,FR414,Vosges
FR,FR42,Alsace
FR,FR421,Bas-Rhin
FR,FR422,Haut-Rhin
FR,FR43,Franche-Comté
FR,FR431,Doubs
FR,FR432,Jura
FR,FR434,Territoire de Belfort
FR,FR5,OUEST
FR,FR51,Pays de la Loire
FR,FR511,Loire-Atlantique
FR,FR513,Mayenne
FR,FR514,Sarthe
FR,FR515,Vendée
FR,FR52,Bretagne
FR,FR521,Côtes-d'Armor
FR,FR523,Ille-et-Vilaine
FR,FR524,Morbihan
FR,FR53,Poitou-Charentes
FR,FR531,Charente
FR,FR532,Charente-Maritime
FR,FR534,Vienne
FR,FR6,SUD-OUEST
FR,FR61,Aquitaine
FR,FR611,Dordogne
FR,FR612,Gironde
FR,FR613,Landes
FR,FR615,Pyrénées-Atlantiques
FR,FR62,Midi-Pyrénées
FR,FR621,Ariège
FR,FR623,Haute-Garonne
FR,FR624,Gers
FR,FR625,Lot
FR,FR627,Tarn
FR,FR628,Tarn-et-Garonne
FR,FR63,Limousin
FR,FR631,Corrèze
FR,FR632,Creuse
FR,FR633,Haute-Vienne
FR,FR7,CENTRE-EST
FR,FR71,Rhône-Alpes
FR,FR711,Ain
FR,FR713,Drôme
FR,FR714,Isère
FR,FR715,Loire
FR,FR716,Rhône
FR,FR717,Savoie
FR,FR72,Auvergne
FR,FR721,Allier
FR,FR722,Cantal
FR,FR723,Haute-Loire
FR,FR724,Puy-de-Dôme
FR,FR81,Languedoc-Roussillon
FR,FR811,Aude
FR,FR812,Gard
FR,FR813,Hérault
FR,FR814,Lozère
FR,FR815,Pyrénées-Orientales
FR,FR82,Provence-Alpes-Côte d'Azur
FR,FR821,Alpes-de-Haute-Provence
FR,FR822,Hautes-Alpes
FR,FR823,Alpes-Maritimes
FR,FR824,Bouches-du-Rhône
FR,FR825,Var
FR,FR826,Vaucluse
FR,FR83,Corse
FR,FR831,Corse-du-Sud
FR,FR832,Haute-Corse
FR,FRA,DÉPARTEMENTS D'OUTRE-MER
FR,FRA1,Guadeloupe
FR,FRA10,Guadeloupe
FR,FRA2,Martinique
FR,FRA20,Martinique
FR,FRA3,Guyane
FR,FRA30,Guyane
FR,FRA4,La Réunion
FR,FRA40,La Réunion
FR,FRA5,Mayotte
FR,FRA50,Mayotte
HR,HR0,HRVATSKA
HR,HR031,Primorsko-goranska županija
HR,HR032,Licko-senjska županija
HR,HR033,Zadarska županija
HR,HR035,Splitsko-dalmatinska županija
HR,HR036,Istarska županija
HR,HR037,Dubrovacko-neretvanska županija
HR,HR04,Kontinentalna Hrvatska
HR,HR042,Zagrebacka županija
HR,HR043,Krapinsko-zagorska županija
HR,HR045,Koprivnicko-križevacka županija
HR,HR046,Medimurska županija
HR,HR047,Bjelovarsko-bilogorska županija
HR,HR049,Požeško-slavonska županija
HR,HR04A,Brodsko-posavska županija
HR,HR04B,Osjecko-baranjska županija
HR,HR04D,Karlovacka županija
HR,HR04E,Sisacko-moslavacka županija
HU,HU1,KÖZÉP-MAGYARORSZÁG
HU,HU10,Közép-Magyarország
HU,HU101,Budapest
HU,HU102,Pest
HU,HU21,Közép-Dunántúl
HU,HU211,Fejér
HU,HU213,Veszprém
HU,HU22,Nyugat-Dunántúl
HU,HU221,Gyor-Moson-Sopron
HU,HU222,Vas
HU,HU223,Zala
HU,HU231,Baranya
HU,HU232,Somogy
HU,HU233,Tolna
HU,HU3,ALFÖLD ÉS ÉSZAK
HU,HU31,Észak-Magyarország
HU,HU312,Heves
HU,HU313,Nógrád
HU,HU32,Észak-Alföld
HU,HU321,Hajdú-Bihar
HU,HU322,Jász-Nagykun-Szolnok
HU,HU33,Dél-Alföld
HU,HU331,Bács-Kiskun
HU,HU332,Békés
HU,HU333,Csongrád
IE,IE0,IRELAND
IE,IE01,"Border, Midland and Western"
IE,IE011,Border
IE,IE012,Midland
IE,IE02,Southern and Eastern
IE,IE021,Dublin
IE,IE023,Mid-West
IE,IE024,South-East (IE)
IE,IE025,South-West (IE)
IS,IS0,ÍSLAND
IS,IS00,Ísland
IS,IS001,Höfuðborgarsvæði
IS,IS002,Landsbyggð
IT,ITC,NORD-OVEST
IT,ITC1,Piemonte
IT,ITC11,Torino
IT,ITC12,Vercelli
IT,ITC13,Biella
IT,ITC14,Verbano-Cusio-Ossola
IT,ITC15,Novara
IT,ITC16,Cuneo
IT,ITC17,Asti
IT,ITC18,Alessandria
IT,ITC2,Valle d'Aosta/Vallée d'Aoste
IT,ITC20,Valle d'Aosta/Vallée d'Aoste
IT,ITC3,Liguria
IT,ITC31,Imperia
IT,ITC32,Savona
IT,ITC33,Genova
IT,ITC34,La Spezia
IT,ITC4,Lombardia
IT,ITC41,Varese
IT,ITC42,Como
IT,ITC43,Lecco
IT,ITC44,Sondrio
IT,ITC46,Bergamo
IT,ITC47,Brescia
IT,ITC48,Pavia
IT,ITC49,Lodi
IT,ITC4A,Cremona
IT,ITC4B,Mantova
IT,ITC4C,Milano
IT,ITC4D,Monza e della Brianza
IT,ITF,SUD
IT,ITF1,Abruzzo
IT,ITF11,L'Aquila
IT,ITF12,Teramo
IT,ITF13,Pescara
IT,ITF14,Chieti
IT,ITF2,Molise
IT,ITF21,Isernia
IT,ITF22,Campobasso
IT,ITF3,Campania
IT,ITF31,Caserta
IT,ITF32,Benevento
IT,ITF33,Napoli
IT,ITF34,Avellino
IT,ITF35,Salerno
IT,ITF4,Puglia
IT,ITF43,Taranto
IT,ITF44,Brindisi
IT,ITF45,Lecce
IT,ITF46,Foggia
IT,ITF47,Bari
IT,ITF5,Basilicata
IT,ITF51,Potenza
IT,ITF52,Matera
IT,ITF6,Calabria
IT,ITF61,Cosenza
IT,ITF62,Crotone
IT,ITF63,Catanzaro
IT,ITF64,Vibo Valentia
IT,ITF65,Reggio di Calabria
IT,ITG,ISOLE
IT,ITG1,Sicilia
IT,ITG12,Palermo
IT,ITG13,Messina
IT,ITG14,Agrigento
IT,ITG15,Caltanissetta
IT,ITG17,Catania
IT,ITG18,Ragusa
IT,ITG19,Siracusa
IT,ITG25,Sassari
IT,ITG26,Nuoro
IT,ITG27,Cagliari
IT,ITG28,Oristano
IT,ITG29,Olbia-Tempio
IT,ITG2B,Medio Campidano
IT,ITG2C,Carbonia-Iglesias
IT,ITH,NORD-EST
IT,ITH10,Bolzano-Bozen
IT,ITH2,Provincia Autonoma di Trento
IT,ITH20,Trento
IT,ITH3,Veneto
IT,ITH31,Verona
IT,ITH32,Vicenza
IT,ITH33,Belluno
IT,ITH34,Treviso
IT,ITH35,Venezia
IT,ITH36,Padova
IT,ITH37,Rovigo
IT,ITH4,Friuli-Venezia Giulia
IT,ITH41,Pordenone
IT,ITH42,Udine
IT,ITH44,Trieste
IT,ITH5,Emilia-Romagna
IT,ITH51,Piacenza
IT,ITH52,Parma
IT,ITH54,Modena
IT,ITH55,Bologna
IT,ITH56,Ferrara
IT,ITH57,Ravenna
IT,ITH58,Forlì-Cesena
IT,ITH59,Rimini
IT,ITI,CENTRO (IT)
IT,ITI1,Toscana
IT,ITI12,Lucca
IT,ITI13,Pistoia
IT,ITI14,Firenze
IT,ITI15,Prato
IT,ITI16,Livorno
IT,ITI17,Pisa
IT,ITI18,Arezzo
IT,ITI19,Siena
IT,ITI1A,Grosseto
IT,ITI2,Umbria
IT,ITI22,Terni
IT,ITI3,Marche
IT,ITI31,Pesaro e Urbino
IT,ITI32,Ancona
IT,ITI33,Macerata
IT,ITI34,Ascoli Piceno
IT,ITI35,Fermo
IT,ITI4,Lazio
IT,ITI41,Viterbo
IT,ITI42,Rieti
IT,ITI43,Roma
IT,ITI44,Latina
IT,ITI45,Frosinone
LI,LI0,LIECHTENSTEIN
LI,LI00,Liechtenstein
LI,LI000,Liechtenstein
LT,LT0,LIETUVA
LT,LT00,Lietuva
LT,LT001,Alytaus apskritis
LT,LT002,Kauno apskritis
LT,LT003,Klaipėdos apskritis
LT,LT004,Marijampolės apskritis
LT,LT005,Panevėžio apskritis
LT,LT006,Šiaulių apskritis
LT,LT007,Tauragės apskritis
LT,LT008,Telšių apskritis
LT,LT009,Utenos apskritis
LT,LT00A,Vilniaus apskritis
LU,LU0,LUXEMBOURG
LU,LU00,Luxembourg
LU,LU000,Luxembourg
LV,LV0,LATVIJA
LV,LV00,Latvija
LV,LV003,Kurzeme
LV,LV005,Latgale
LV,LV006,Riga
LV,LV007,Pieriga
LV,LV008,Vidzeme
ME,ME0,ЦРНА ГОРА
MK,MK00,Поранешна југословенска Република Македонија
MK,MK001,Вардарски
MK,MK002,Источен
MK,MK003,Југозападен
MK,MK004,Југоисточен
MK,MK005,Пелагониски
MK,MK006,Полошки
MK,MK007,Североисточен
MK,MK008,Скопски
MT,MT0,MALTA
MT,MT00,Malta
MT,MT001,Malta
MT,MT002,Gozo and Comino / Ghawdex u Kemmuna
NL,NL1,NOORD-NEDERLAND
NL,NL11,Groningen
NL,NL111,Oost-Groningen
NL,NL112,Delfzijl en omgeving
NL,NL12,Friesland (NL)
NL,NL121,Noord-Friesland
NL,NL122,Zuidwest-Friesland
NL,NL123,Zuidoost-Friesland
NL,NL13,Drenthe
NL,NL132,Zuidoost-Drenthe
NL,NL133,Zuidwest-Drenthe
NL,NL2,OOST-NEDERLAND
NL,NL21,Overijssel
NL,NL212,Zuidwest-Overijssel
NL,NL213,Twente
NL,NL22,Gelderland
NL,NL221,Veluwe
NL,NL224,Zuidwest-Gelderland
NL,NL225,Achterhoek
NL,NL23,Flevoland
NL,NL230,Flevoland
NL,NL3,WEST-NEDERLAND
NL,NL31,Utrecht
NL,NL310,Utrecht
NL,NL32,Noord-Holland
NL,NL322,Alkmaar en omgeving
NL,NL323,IJmond
NL,NL324,Agglomeratie Haarlem
NL,NL325,Zaanstreek
NL,NL326,Groot-Amsterdam
NL,NL327,Het Gooi en Vechtstreek
NL,NL332,Agglomeratie 's-Gravenhage
NL,NL333,Delft en Westland
NL,NL338,Oost-Zuid-Holland
NL,NL339,Groot-Rijnmond
NL,NL33A,Zuidoost-Zuid-Holland
NL,NL34,Zeeland
NL,NL341,Zeeuwsch-Vlaanderen
NL,NL342,Overig Zeeland
NL,NL4,ZUID-NEDERLAND
NL,NL41,Noord-Brabant
NL,NL411,West-Noord-Brabant
NL,NL412,Midden-Noord-Brabant
NL,NL413,Noordoost-Noord-Brabant
NL,NL414,Zuidoost-Noord-Brabant
NL,NL42,Limburg (NL)
NL,NL421,Noord-Limburg
NL,NL422,Midden-Limburg
NL,NL423,Zuid-Limburg
NO,NO0,NORGE
NO,NO01,Oslo og Akershus
NO,NO011,Oslo
NO,NO012,Akershus
NO,NO02,Hedmark og Oppland
NO,NO021,Hedmark
NO,NO022,Oppland
NO,NO03,Sør-Østlandet
NO,NO031,Østfold
NO,NO032,Buskerud
NO,NO033,Vestfold
NO,NO034,Telemark
NO,NO04,Agder og Rogaland
NO,NO041,Aust-Agder
NO,NO042,Vest-Agder
NO,NO043,Rogaland
NO,NO05,Vestlandet
NO,NO051,Hordaland
NO,NO052,Sogn og Fjordane
NO,NO053,Møre og Romsdal
NO,NO06,Trøndelag
NO,NO062,Nord-Trøndelag
NO,NO07,Nord-Norge
NO,NO071,Nordland
NO,NO072,Troms
NO,NO073,Finnmark
PL,PL1,REGION CENTRALNY
PL,PL11,Lódzkie
PL,PL114,Lódzki
PL,PL115,Piotrkowski
PL,PL116,Sieradzki
PL,PL117,Skierniewicki
PL,PL12,Mazowieckie
PL,PL128,Radomski
PL,PL129,Warszawski wschodni
PL,PL12A,Warszawski zachodni
PL,PL12B,Ciechanowski
PL,PL12C,Plocki
PL,PL12D,Ostrolecki
PL,PL2,REGION POLUDNIOWY
PL,PL21,Malopolskie
PL,PL214,Krakowski
PL,PL217,Tarnowski
PL,PL218,Nowosadecki
PL,PL219,Nowotarski
PL,PL21A,Oswiecimski
PL,PL22,Slaskie
PL,PL224,Czestochowski
PL,PL225,Bielski
PL,PL228,Bytomski
PL,PL229,Gliwicki
PL,PL22A,Katowicki
PL,PL22B,Sosnowiecki
PL,PL22C,Tyski
PL,PL31,Lubelskie
PL,PL311,Bialski
PL,PL312,Chelmsko-zamojski
PL,PL314,Lubelski
PL,PL315,Pulawski
PL,PL32,Podkarpackie
PL,PL324,Przemyski
PL,PL325,Rzeszowski
PL,PL326,Tarnobrzeski
PL,PL33,Swietokrzyskie
PL,PL331,Kielecki
PL,PL34,Podlaskie
PL,PL343,Bialostocki
PL,PL344,Lomzynski
PL,PL345,Suwalski
PL,PL4,REGION PÓLNOCNO-ZACHODNI
PL,PL41,Wielkopolskie
PL,PL411,Pilski
PL,PL414,Koninski
PL,PL415,Miasto Poznan
PL,PL417,Leszczynski
PL,PL418,Poznanski
PL,PL42,Zachodniopomorskie
PL,PL426,Koszalinski
PL,PL427,Szczecinecko-pyrzycki
PL,PL428,Szczecinski
PL,PL43,Lubuskie
PL,PL431,Gorzowski
PL,PL5,REGION POLUDNIOWO-ZACHODNI
PL,PL51,Dolnoslaskie
PL,PL514,Miasto Wroclaw
PL,PL515,Jeleniogórski
PL,PL517,Walbrzyski
PL,PL518,Wroclawski
PL,PL52,Opolskie
PL,PL523,Nyski
PL,PL524,Opolski
PL,PL6,REGION PÓLNOCNY
PL,PL61,Kujawsko-Pomorskie
PL,PL613,Bydgosko-Torunski
PL,PL616,Grudziadzki
PL,PL617,Inowroclawski
PL,PL618,Swiecki
PL,PL619,Wloclawski
PL,PL62,Warminsko-Mazurskie
PL,PL621,Elblaski
PL,PL622,Olsztynski
PL,PL623,Elcki
PL,PL63,Pomorskie
PL,PL633,Trójmiejski
PL,PL634,Gdanski
PL,PL636,Slupski
PL,PL637,Chojnicki
PL,PL638,Starogardzki
PT,PT1,CONTINENTE
PT,PT11,Norte
PT,PT111,Alto Minho
PT,PT112,Cávado
PT,PT119,Ave
PT,PT11A,Área Metropolitana do Porto
PT,PT11B,Alto Tâmega
PT,PT11C,Tâmega e Sousa
PT,PT11D,Douro
PT,PT11E,Terras de Trás-os-Montes
PT,PT15,Algarve
PT,PT150,Algarve
PT,PT16,Centro (PT)
PT,PT16B,Oeste
PT,PT16D,Região de Aveiro
PT,PT16F,Região de Leiria
PT,PT16G,Viseu Dão Lafões
PT,PT16H,Beira Baixa
PT,PT16I,Médio Tejo
PT,PT17,Área Metropolitana de Lisboa
PT,PT170,Área Metropolitana de Lisboa
PT,PT18,Alentejo
PT,PT181,Alentejo Litoral
PT,PT184,Baixo Alentejo
PT,PT186,Alto Alentejo
PT,PT187,Alentejo Central
PT,PT2,REGIÃO AUTÓNOMA DOS AÇORES
PT,PT200,Região Autónoma dos Açores
PT,PT3,REGIÃO AUTÓNOMA DA MADEIRA
PT,PT30,Região Autónoma da Madeira
RO,RO1,MACROREGIUNEA UNU
RO,RO11,Nord-Vest
RO,RO111,Bihor
RO,RO112,Bistrita-Nasaud
RO,RO113,Cluj
RO,RO114,Maramures
RO,RO115,Satu Mare
RO,RO116,Salaj
RO,RO12,Centru
RO,RO121,Alba
RO,RO122,Brasov
RO,RO123,Covasna
RO,RO124,Harghita
RO,RO125,Mures
RO,RO126,Sibiu
RO,RO2,MACROREGIUNEA DOI
RO,RO21,Nord-Est
RO,RO212,Botosani
RO,RO213,Iasi
RO,RO214,Neamt
RO,RO215,Suceava
RO,RO216,Vaslui
RO,RO221,Braila
RO,RO222,Buzau
RO,RO223,Constanta
RO,RO224,Galati
RO,RO225,Tulcea
RO,RO3,MACROREGIUNEA TREI
RO,RO31,Sud - Muntenia
RO,RO311,Arges
RO,RO313,Dâmbovita
RO,RO314,Giurgiu
RO,RO315,Ialomita
RO,RO316,Prahova
RO,RO32,Bucuresti - Ilfov
RO,RO321,Bucuresti
RO,RO322,Ilfov
RO,RO41,Sud-Vest Oltenia
RO,RO411,Dolj
RO,RO412,Gorj
RO,RO413,Mehedinti
RO,RO414,Olt
RO,RO415,Vâlcea
RO,RO42,Vest
RO,RO421,Arad
RO,RO422,Caras-Severin
RO,RO423,Hunedoara
RO,RO424,Timis
SE,SE11,Stockholm
SE,SE110,Stockholms län
SE,SE12,Östra Mellansverige
SE,SE121,Uppsala län
SE,SE122,Södermanlands län
SE,SE123,Östergötlands län
SE,SE124,Örebro län
SE,SE125,Västmanlands län
SE,SE2,SÖDRA SVERIGE
SE,SE21,Småland med öarna
SE,SE211,Jönköpings län
SE,SE212,Kronobergs län
SE,SE213,Kalmar län
SE,SE214,Gotlands län
SE,SE22,Sydsverige
SE,SE221,Blekinge län
SE,SE224,Skåne län
SE,SE23,Västsverige
SE,SE232,Västra Götalands län
SE,SE3,NORRA SVERIGE
SE,SE31,Norra Mellansverige
SE,SE312,Dalarnas län
SE,SE313,Gävleborgs län
SE,SE32,Mellersta Norrland
SE,SE322,Jämtlands län
SE,SE33,Övre Norrland
SE,SE331,Västerbottens län
SE,SE332,Norrbottens län
SI,SI0,SLOVENIJA
SI,SI031,Pomurska
SI,SI032,Podravska
SI,SI033,Koroška
SI,SI034,Savinjska
SI,SI035,Zasavska
SI,SI036,Posavska
SI,SI038,Primorsko-notranjska
SI,SI04,Zahodna Slovenija
SI,SI041,Osrednjeslovenska
SI,SI042,Gorenjska
SI,SI043,Goriška
SI,SI044,Obalno-kraška
SK,SK0,SLOVENSKO
SK,SK010,Bratislavský kraj
SK,SK02,Západné Slovensko
SK,SK021,Trnavský kraj
SK,SK023,Nitriansky kraj
SK,SK03,Stredné Slovensko
SK,SK031,Žilinský kraj
SK,SK04,Východné Slovensko
SK,SK041,Prešovský kraj
SK,SK042,Košický kraj
TR,TR1,ISTANBUL
TR,TR10,Istanbul
TR,TR100,Istanbul
TR,TR21,"Tekirdag, Edirne, Kirklareli"
TR,TR211,Tekirdag
TR,TR212,Edirne
TR,TR213,Kirklareli
TR,TR221,Balikesir
TR,TR222,Çanakkale
TR,TR3,EGE
TR,TR31,Izmir
TR,TR310,Izmir
TR,TR32,"Aydin, Denizli, Mugla"
TR,TR321,Aydin
TR,TR322,Denizli
TR,TR323,Mugla
TR,TR331,Manisa
TR,TR332,Afyon
TR,TR333,Kütahya
TR,TR334,Usak
TR,TR4,DOGU MARMARA
TR,TR41,"Bursa, Eskisehir, Bilecik"
TR,TR411,Bursa
TR,TR412,Eskisehir
TR,TR413,Bilecik
TR,TR42,"Kocaeli, Sakarya, Düzce, Bolu, Yalova"
TR,TR421,Kocaeli
TR,TR422,Sakarya
TR,TR423,Düzce
TR,TR424,Bolu
TR,TR425,Yalova
TR,TR51,Ankara
TR,TR510,Ankara
TR,TR52,"Konya, Karaman"
TR,TR521,Konya
TR,TR522,Karaman
TR,TR6,AKDENIZ
TR,TR61,"Antalya, Isparta, Burdur"
TR,TR611,Antalya
TR,TR612,Isparta
TR,TR613,Burdur
TR,TR62,"Adana, Mersin"
TR,TR621,Adana
TR,TR622,Içel
TR,TR63,"Hatay, Kahramanmaras, Osmaniye"
TR,TR631,Hatay
TR,TR632,Kahramanmaras
TR,TR633,Osmaniye
TR,TR7,ORTA ANADOLU
TR,TR71,"Kirikkale, Aksaray, Nigde, Nevsehir, Kirsehir"
TR,TR711,Kirikkale
TR,TR712,Aksaray
TR,TR713,Nigde
TR,TR714,Nevsehir
TR,TR715,Kirsehir
TR,TR72,"Kayseri, Sivas, Yozgat"
TR,TR721,Kayseri
TR,TR722,Sivas
TR,TR723,Yozgat
TR,TR8,BATI KARADENIZ
TR,TR81,"Zonguldak, Karabük, Bartin"
TR,TR811,Zonguldak
TR,TR812,Karabük
TR,TR813,Bartin
TR,TR82,"Kastamonu, Çankiri, Sinop"
TR,TR821,Kastamonu
TR,TR822,Çankiri
TR,TR823,Sinop
TR,TR831,Samsun
TR,TR832,Tokat
TR,TR833,Çorum
TR,TR834,Amasya
TR,TR9,DOGU KARADENIZ
TR,TR90,Trabzon
TR,TR901,Trabzon
TR,TR902,Ordu
TR,TR903,Giresun
TR,TR904,Rize
TR,TR905,Artvin
TR,TR906,Gümüshane
TR,TRA,KUZEYDOGU ANADOLU
TR,TRA11,Erzurum
TR,TRA12,Erzincan
TR,TRA13,Bayburt
TR,TRA2,"Agri, Kars, Igdir, Ardahan"
TR,TRA21,Agri
TR,TRA22,Kars
TR,TRA23,Igdir
TR,TRA24,Ardahan
TR,TRB,ORTADOGU ANADOLU
TR,TRB11,Malatya
TR,TRB12,Elazig
TR,TRB13,Bingöl
TR,TRB14,Tunceli
TR,TRB2,"Van, Mus, Bitlis, Hakkari"
TR,TRB21,Van
TR,TRB22,Mus
TR,TRB23,Bitlis
TR,TRB24,Hakkari
TR,TRC,GÜNEYDOGU ANADOLU
TR,TRC1,"Gaziantep, Adiyaman, Kilis"
TR,TRC11,Gaziantep
TR,TRC12,Adiyaman
TR,TRC13,Kilis
TR,TRC21,Sanliurfa
TR,TRC22,Diyarbakir
TR,TRC3,"Mardin, Batman, Sirnak, Siirt"
TR,TRC31,Mardin
TR,TRC32,Batman
TR,TRC33,Sirnak
TR,TRC34,Siirt
UK,UKC,NORTH EAST (ENGLAND)
UK,UKC11,Hartlepool and Stockton-on-Tees
UK,UKC12,South Teesside
UK,UKC13,Darlington
UK,UKC14,Durham CC
UK,UKC2,Northumberland and Tyne and Wear
UK,UKC22,Tyneside
UK,UKC23,Sunderland
UK,UKD,NORTH WEST (ENGLAND)
UK,UKD1,Cumbria
UK,UKD11,West Cumbria
UK,UKD3,Greater Manchester
UK,UKD33,Manchester
UK,UKD34,Greater Manchester South West
UK,UKD36,Greater Manchester North West
UK,UKD37,Greater Manchester North East
UK,UKD4,Lancashire
UK,UKD41,Blackburn with Darwen
UK,UKD42,Blackpool
UK,UKD44,Lancaster & Wyre
UK,UKD45,Mid Lancashire
UK,UKD47,Chorley & West Lancashire
UK,UKD6,Cheshire
UK,UKD61,Warrington
UK,UKD62,Cheshire East
UK,UKD63,Cheshire West and Chester
UK,UKD7,Merseyside
UK,UKD71,East Merseyside
UK,UKD72,Liverpool
UK,UKD73,Sefton
UK,UKD74,Wirral
UK,UKE,YORKSHIRE AND THE HUMBER
UK,UKE1,East Yorkshire and Northern Lincolnshire
UK,UKE11,"Kingston upon Hull, City of"
UK,UKE12,East Riding of Yorkshire
UK,UKE13,North and North East Lincolnshire
UK,UKE2,North Yorkshire
UK,UKE21,York
UK,UKE22,North Yorkshire CC
UK,UKE3,South Yorkshire
UK,UKE31,"Barnsley, Doncaster and Rotherham"
UK,UKE32,Sheffield
UK,UKE4,West Yorkshire
UK,UKE42,Leeds
UK,UKE44,Calderdale and Kirklees
UK,UKE45,Wakefield
UK,UKF1,Derbyshire and Nottinghamshire
UK,UKF11,Derby
UK,UKF12,East Derbyshire
UK,UKF13,South and West Derbyshire
UK,UKF14,Nottingham
UK,UKF16,South Nottinghamshire
UK,UKF2,"Leicestershire, Rutland and Northamptonshire"
UK,UKF21,Leicester
UK,UKF22,Leicestershire CC and Rutland
UK,UKF25,North Northamptonshire
UK,UKF3,Lincolnshire
UK,UKF30,Lincolnshire
UK,UKG,WEST MIDLANDS (ENGLAND)
UK,UKG11,"Herefordshire, County of"
UK,UKG12,Worcestershire
UK,UKG13,Warwickshire
UK,UKG2,Shropshire and Staffordshire
UK,UKG21,Telford and Wrekin
UK,UKG22,Shropshire CC
UK,UKG23,Stoke-on-Trent
UK,UKG24,Staffordshire CC
UK,UKG3,West Midlands
UK,UKG31,Birmingham
UK,UKG32,Solihull
UK,UKG33,Coventry
UK,UKG36,Dudley
UK,UKG37,Sandwell
UK,UKG38,Walsall
UK,UKH,EAST OF ENGLAND
UK,UKH1,East Anglia
UK,UKH11,Peterborough
UK,UKH12,Cambridgeshire CC
UK,UKH14,Suffolk
UK,UKH16,North & West Norfolk
UK,UKH17,Breckland & South Norfolk
UK,UKH2,Bedfordshire and Hertfordshire
UK,UKH21,Luton
UK,UKH23,Hertfordshire
UK,UKH25,Central Bedfordshire
UK,UKH3,Essex
UK,UKH31,Southend-on-Sea
UK,UKH34,Essex Haven Gateway
UK,UKH35,West Essex
UK,UKH37,Essex Thames Gateway
UK,UKI,LONDON
UK,UKI3,Inner London - West
UK,UKI31,Camden & City of London
UK,UKI33,Kensington and Chelsea & Hammersmith and Fulham
UK,UKI34,Wandsworth
UK,UKI41,Hackney & Newham
UK,UKI42,Tower Hamlets
UK,UKI43,Haringey & Islington
UK,UKI44,Lewisham & Southwark
UK,UKI45,Lambeth
UK,UKI5,Outer London - East and North East
UK,UKI51,Bexley & Greenwich
UK,UKI52,Barking and Dagenham & Havering
UK,UKI53,Redbridge & Waltham Forest
UK,UKI54,Enfield
UK,UKI6,Outer London - South
UK,UKI61,Bromley
UK,UKI62,Croydon
UK,UKI63,"Merton, Kingston upon Thames & Sutton"
UK,UKI7,Outer London - West and North West
UK,UKI71,Barnet
UK,UKI72,Brent
UK,UKI73,Ealing
UK,UKI74,Harrow & Hillingdon
UK,UKJ,SOUTH EAST (ENGLAND)
UK,UKJ1,"Berkshire, Buckinghamshire and Oxfordshire"
UK,UKJ11,Berkshire
UK,UKJ12,Milton Keynes
UK,UKJ13,Buckinghamshire CC
UK,UKJ14,Oxfordshire
UK,UKJ2,"Surrey, East and West Sussex"
UK,UKJ22,East Sussex CC
UK,UKJ25,West Surrey
UK,UKJ26,East Surrey
UK,UKJ27,West Sussex (South West)
UK,UKJ3,Hampshire and Isle of Wight
UK,UKJ31,Portsmouth
UK,UKJ32,Southampton
UK,UKJ34,Isle of Wight
UK,UKJ35,South Hampshire
UK,UKJ36,Central Hampshire
UK,UKJ37,North Hampshire
UK,UKJ4,Kent
UK,UKJ41,Medway
UK,UKJ44,East Kent
UK,UKJ45,Mid Kent
UK,UKJ46,West Kent
UK,UKK,SOUTH WEST (ENGLAND)
UK,UKK11,"Bristol, City of"
UK,UKK12,"Bath and North East Somerset, North Somerset and South Gloucestershire"
UK,UKK13,Gloucestershire
UK,UKK14,Swindon
UK,UKK15,Wiltshire CC
UK,UKK2,Dorset and Somerset
UK,UKK21,Bournemouth and Poole
UK,UKK22,Dorset CC
UK,UKK23,Somerset
UK,UKK3,Cornwall and Isles of Scilly
UK,UKK4,Devon
UK,UKK41,Plymouth
UK,UKK42,Torbay
UK,UKK43,Devon CC
UK,UKL,WALES
UK,UKL1,West Wales and The Valleys
UK,UKL11,Isle of Anglesey
UK,UKL12,Gwynedd
UK,UKL13,Conwy and Denbighshire
UK,UKL14,South West Wales
UK,UKL15,Central Valleys
UK,UKL17,Bridgend and Neath Port Talbot
UK,UKL18,Swansea
UK,UKL2,East Wales
UK,UKL22,Cardiff and Vale of Glamorgan
UK,UKL23,Flintshire and Wrexham
UK,UKL24,Powys
UK,UKM,SCOTLAND
UK,UKM2,Eastern Scotland
UK,UKM21,Angus and Dundee City
UK,UKM23,East Lothian and Midlothian
UK,UKM24,Scottish Borders
UK,UKM25,"Edinburgh, City of"
UK,UKM26,Falkirk
UK,UKM27,Perth & Kinross and Stirling
UK,UKM28,West Lothian
UK,UKM3,South Western Scotland
UK,UKM31,"East Dunbartonshire, West Dunbartonshire and Helensburgh & Lomond"
UK,UKM32,Dumfries & Galloway
UK,UKM34,Glasgow City
UK,UKM35,"Inverclyde, East Renfrewshire and Renfrewshire"
UK,UKM36,North Lanarkshire
UK,UKM37,South Ayrshire
UK,UKM38,South Lanarkshire
UK,UKM5,North Eastern Scotland
UK,UKM50,Aberdeen City and Aberdeenshire
UK,UKM6,Highlands and Islands
UK,UKM62,"Inverness & Nairn and Moray, Badenoch & Strathspey"
UK,UKM63,"Lochaber, Skye & Lochalsh, Arran & Cumbrae and Argyll & Bute"
UK,UKM64,Eilean Siar (Western Isles)
UK,UKM65,Orkney Islands
UK,UKM66,Shetland Islands
UK,UKN,NORTHERN IRELAND
UK,UKN01,Belfast
UK,UKN02,Outer Belfast
UK,UKN03,East of Northern Ireland
UK,UKN04,North of Northern Ireland
ME,ME00,Црна Гора
ME,ME000,Црна Гора
AT,AT,ÖSTERREICH
BE,BE,BELGIQUE-BELGIË
BG,BG,БЪЛГАРИЯ
CH,CH,SCHWEIZ/SUISSE/SVIZZERA
CZ,CZ,CESKÁ REPUBLIKA
DE,DE,DEUTSCHLAND
DK,DK,DANMARK
EE,EE,EESTI
EL,EL,ΕΛΛΑΔΑ
FI,FI,SUOMI / FINLAND
FR,FR,FRANCE
HR,HR,HRVATSKA
IE,IE,IRELAND
IS,IS,ÍSLAND
IT,IT,ITALIA
LI,LI,LIECHTENSTEIN
LT,LT,LIETUVA
LU,LU,LUXEMBOURG
LV,LV,LATVIJA
MK,MK,ПОРАНЕШНА ЈУГОСЛОВЕНСКА РЕПУБЛИКА МАКЕДОНИЈА
MT,MT,MALTA
NO,NO,NORGE
PL,PL,POLSKA
PT,PT,PORTUGAL
RO,RO,ROMÂNIA
SE,SE,SVERIGE
SK,SK,SLOVENSKO
TR,TR,TÜRKIYE
UK,UK,UNITED KINGDOM
AT,AT22,Steiermark
AT,AT224,Oststeiermark
AT,AT3,WESTÖSTERREICH
AT,AT315,Traunviertel
AT,AT331,Außerfern
AT,AT341,Bludenz-Bregenzer Wald
BE,BE10,Région de Bruxelles-Capitale / Brussels Hoofdstedelijk Gewest
BE,BE235,Arr. Oudenaarde
BE,BE25,Prov. West-Vlaanderen
BE,BE258,Arr. Veurne
BE,BE32,Prov. Hainaut
BE,BE326,Arr. Thuin
BE,BE332,Arr. Liège
BG,BG3,СЕВЕРНА И ЮГОИЗТОЧНА БЪЛГАРИЯ
BG,BG32,Северен централен
BG,BG325,Силистра
BG,BG331,Варна
BG,BG334,Търговище
BG,BG341,Бургас
BG,BG344,Стара Загора
BG,BG4,ЮГОЗАПАДНА И ЮЖНА ЦЕНТРАЛНА БЪЛГАРИЯ
BG,BG422,Хасково
BG,BG424,Смолян
CH,CH01,Région lémanique
CH,CH031,Basel-Stadt
CH,CH051,Glarus
CH,CH054,Appenzell Innerrhoden
CZ,CZ051,Liberecký kraj
CZ,CZ06,Jihovýchod
CZ,CZ071,Olomoucký kraj
DE,DE1,BADEN-WÜRTTEMBERG
DE,DE116,Rems-Murr-Kreis
DE,DE11A,Schwäbisch Hall
DE,DE122,"Karlsruhe, Stadtkreis"
DE,DE129,"Pforzheim, Stadtkreis"
DE,DE133,Emmendingen
DE,DE138,Konstanz
DE,DE142,"Tübingen, Landkreis"
DE,DE21,Oberbayern
DE,DE212,"München, Kreisfreie Stadt"
DE,DE227,"Landshut, Landkreis"
DE,DE231,"Amberg, Kreisfreie Stadt"
DE,DE237,Neustadt a. d. Waldnaab
DE,DE243,"Coburg, Kreisfreie Stadt"
DE,DE24B,Kulmbach
DE,DE25,Mittelfranken
DE,DE253,"Fürth, Kreisfreie Stadt"
DE,DE258,"Fürth, Landkreis"
DE,DE26,Unterfranken
DE,DE263,"Würzburg, Kreisfreie Stadt"
DE,DE26B,"Schweinfurt, Landkreis"
DE,DE273,"Kempten (Allgäu), Kreisfreie Stadt"
DE,DE406,Dahme-Spreewald
DE,DE40C,Oder-Spree
DE,DE40G,Spree-Neiße
DE,DE502,"Bremerhaven, Kreisfreie Stadt"
DE,DE713,"Offenbach am Main, Kreisfreie Stadt"
DE,DE71D,Rheingau-Taunus-Kreis
DE,DE724,Marburg-Biedenkopf
DE,DE735,Schwalm-Eder-Kreis
DE,DE803,"Rostock, Kreisfreie Stadt"
DE,DE80M,Nordwestmecklenburg
DE,DE912,"Salzgitter, Kreisfreie Stadt"
DE,DE943,"Oldenburg (Oldenburg), Kreisfreie Stadt"
DE,DE94E,"Osnabrück, Landkreis"
DE,DEA12,"Duisburg, Kreisfreie Stadt"
DE,DEA16,"Mülheim an der Ruhr,Kreisfreie Stadt"
DE,DEA22,"Bonn, Kreisfreie Stadt"
DE,DEA2A,Oberbergischer Kreis
DE,DEA31,"Bottrop, Kreisfreie Stadt"
DE,DEA41,"Bielefeld, Kreisfreie Stadt"
DE,DEB1B,Westerwaldkreis
DE,DEB24,Vulkaneifel
DE,DEB31,"Frankenthal (Pfalz), Kreisfreie Stadt"
DE,DEB36,"Neustadt an der Weinstraße, Kreisfreie Stadt"
DE,DEB3I,Rhein-Pfalz-Kreis
DE,DEC01,Regionalverband Saarbrücken
DE,DED2F,Sächsische Schweiz-Osterzgebirge
DE,DEE0,Sachsen-Anhalt
DE,DEE03,"Magdeburg, Kreisfreie Stadt"
DE,DEF0A,Plön
DE,DEF0C,Schleswig-Flensburg
DE,DEG02,"Gera, Kreisfreie Stadt"
DE,DEG0A,Kyffhäuserkreis
DE,DEG0G,Weimarer Land
DE,DEG0M,Altenburger Land
DK,DK011,Byen København
DK,DK021,Østsjælland
DK,DK05,Nordjylland
EE,EE004,Lääne-Eesti
EL,EL30,Aττική
EL,EL301,Βόρειος Τομέας Αθηνών
EL,EL304,Νότιος Τομέας Αθηνών
EL,EL307,"Πειραιάς, Νήσοι"
EL,EL411,"Λέσβος, Λήμνος"
EL,EL42,Νότιο Αιγαίο
EL,EL422,"Άνδρος, Θήρα, Κέα, Μήλος, Μύκονος, Νάξος, Πάρος, Σύρος, Τήνος"
EL,EL511,Έβρος
EL,EL513,Ροδόπη
EL,EL515,"Θάσος, Καβάλα"
EL,EL522,Θεσσαλονίκη
EL,EL527,Χαλκιδική
EL,EL531,"Γρεβενά, Κοζάνη"
EL,EL54,Ήπειρος
EL,EL542,Θεσπρωτία
EL,EL61,Θεσσαλία
EL,EL612,Λάρισα
EL,EL62,Ιόνια Νησιά
EL,EL623,"Ιθάκη, Κεφαλληνία"
EL,EL631,Αιτωλοακαρνανία
EL,EL642,Εύβοια
EL,EL653,"Λακωνία, Μεσσηνία"
ES,ES300,Madrid
ES,ES411,Ávila
ES,ES416,Segovia
ES,ES421,Albacete
ES,ES43,Extremadura
ES,ES512,Girona
ES,ES521,Alicante / Alacant
ES,ES531,Eivissa y Formentera
ES,ES616,Jaén
ES,ES62,Región de Murcia
ES,ES70,Canarias
ES,ES707,La Palma
FI,FI19,Länsi-Suomi
FI,FI1B,Helsinki-Uusimaa
FI,FI1C3,Päijät-Häme
FR,FR263,Saône-et-Loire
FR,FR411,Meurthe-et-Moselle
FR,FR433,Haute-Saône
FR,FR512,Maine-et-Loire
FR,FR522,Finistère
FR,FR533,Deux-Sèvres
FR,FR614,Lot-et-Garonne
FR,FR622,Aveyron
FR,FR626,Hautes-Pyrénées
FR,FR712,Ardèche
FR,FR718,Haute-Savoie
FR,FR8,MÉDITERRANÉE
HR,HR03,Jadranska Hrvatska
HR,HR034,Šibensko-kninska županija
HR,HR041,Grad Zagreb
HR,HR044,Varaždinska županija
HR,HR048,Viroviticko-podravska županija
HR,HR04C,Vukovarsko-srijemska županija
HU,HU2,DUNÁNTÚL
HU,HU212,Komárom-Esztergom
HU,HU23,Dél-Dunántúl
HU,HU311,Borsod-Abaúj-Zemplén
HU,HU323,Szabolcs-Szatmár-Bereg
IE,IE013,West
IE,IE022,Mid-East
IT,ITF48,Barletta-Andria-Trani
IT,ITG11,Trapani
IT,ITG16,Enna
IT,ITG2,Sardegna
IT,ITG2A,Ogliastra
IT,ITH1,Provincia Autonoma di Bolzano/Bozen
IT,ITH43,Gorizia
IT,ITH53,Reggio nell'Emilia
IT,ITI11,Massa-Carrara
IT,ITI21,Perugia
LV,LV009,Zemgale
MK,MK0,ПОРАНЕШНА ЈУГОСЛОВЕНСКА РЕПУБЛИКА МАКЕДОНИЈА
NL,NL113,Overig Groningen
NL,NL131,Noord-Drenthe
NL,NL211,Noord-Overijssel
NL,NL226,Arnhem/Nijmegen
NL,NL321,Kop van Noord-Holland
NL,NL33,Zuid-Holland
NL,NL337,Agglomeratie Leiden en Bollenstreek
NO,NO061,Sør-Trøndelag
PL,PL113,Miasto Lódz
PL,PL127,Miasto Warszawa
PL,PL12E,Siedlecki
PL,PL213,Miasto Kraków
PL,PL227,Rybnicki
PL,PL3,REGION WSCHODNI
PL,PL323,Krosnienski
PL,PL332,Sandomiersko-jedrzejowski
PL,PL416,Kaliski
PL,PL424,Miasto Szczecin
PL,PL432,Zielonogórski
PL,PL516,Legnicko-Glogowski
PT,PT16E,Região de Coimbra
PT,PT16J,Beiras e Serra da Estrela
PT,PT185,Lezíria do Tejo
PT,PT20,Região Autónoma dos Açores
PT,PT300,Região Autónoma da Madeira
RO,RO211,Bacau
RO,RO22,Sud-Est
RO,RO226,Vrancea
RO,RO312,Calarasi
RO,RO317,Teleorman
RO,RO4,MACROREGIUNEA PATRU
SE,SE1,ÖSTRA SVERIGE
SE,SE231,Hallands län
SE,SE311,Värmlands län
SE,SE321,Västernorrlands län
SI,SI03,Vzhodna Slovenija
SI,SI037,Jugovzhodna Slovenija
SK,SK01,Bratislavský kraj
SK,SK022,Trenciansky kraj
SK,SK032,Banskobystrický kraj
TR,TR2,BATI MARMARA
TR,TR22,"Balikesir, Çanakkale"
TR,TR33,"Manisa, Afyonkarahisar, Kütahya, Usak"
TR,TR5,BATI ANADOLU
TR,TR83,"Samsun, Tokat, Çorum, Amasya"
TR,TRA1,"Erzurum, Erzincan, Bayburt"
TR,TRB1,"Malatya, Elazig, Bingöl, Tunceli"
TR,TRC2,"Sanliurfa, Diyarbakir"
UK,UKC1,Tees Valley and Durham
UK,UKC21,Northumberland
UK,UKD12,East Cumbria
UK,UKD35,Greater Manchester South East
UK,UKD46,East Lancashire
UK,UKE41,Bradford
UK,UKF,EAST MIDLANDS (ENGLAND)
UK,UKF15,North Nottinghamshire
UK,UKF24,West Northamptonshire
UK,UKG1,"Herefordshire, Worcestershire and Warwickshire"
UK,UKG39,Wolverhampton
UK,UKH15,Norwich & East Norfolk
UK,UKH24,Bedford
UK,UKH32,Thurrock
UK,UKH36,Heart of Essex
UK,UKI32,Westminster
UK,UKI4,Inner London - East
UK,UKI75,Hounslow & Richmond upon Thames
UK,UKJ21,Brighton and Hove
UK,UKJ28,West Sussex (North East)
UK,UKJ43,Kent Thames Gateway
UK,UKK1,"Gloucestershire, Wiltshire and Bristol/Bath area"
UK,UKK30,Cornwall and Isles of Scilly
UK,UKL16,Gwent Valleys
UK,UKL21,Monmouthshire and Newport
UK,UKM22,Clackmannanshire and Fife
UK,UKM33,East Ayrshire and North Ayrshire mainland
UK,UKM61,Caithness & Sutherland and Ross & Cromarty
UK,UKN0,Northern Ireland
UK,UKN05,West and South of Northern Ireland
CY,CY,ΚΥΠΡΟΣ
ES,ES,ESPAÑA
HU,HU,MAGYARORSZÁG
ME,ME,ЦРНА ГОРА
NL,NL,NEDERLAND
SI,SI,SLOVENIJA
