<?xml version="1.0"?>
<!--<!DOCTYPE metadata SYSTEM "http://www.esri.com/metadata/esriprof80.dtd">-->
<metadata xml:lang="fr"><Esri><CreaDate>20101110</CreaDate><CreaTime>14061600</CreaTime><SyncOnce>FALSE</SyncOnce><DataProperties><lineage><Process ToolSource="C:\Program Files\ArcGIS\ArcToolbox\Toolboxes\Data Management Tools.tbx\Project" Date="20100726" Time="160901">Project WESTERN_BALKANS D:\BD_AIRE_JUIN2010\GREAT_NEW\others_tmp\tmp3.shp PROJCS['ETRS_1989_LAEA',GEOGCS['GCS_ETRS_1989',DATUM['D_ETRS_1989',SPHEROID['GRS_1980',6378137.0,298.257222101]],PRIMEM['Greenwich',0.0],UNIT['Degree',0.0174532925199433]],PROJECTION['Lambert_Azimuthal_Equal_Area'],PARAMETER['False_Easting',4321000.0],PARAMETER['False_Northing',3210000.0],PARAMETER['Central_Meridian',10.0],PARAMETER['Latitude_Of_Origin',52.0],UNIT['Meter',1.0]] # PROJCS['EUROMED_ETRS_LAMBERT_18_50',GEOGCS['GCS_ETRS_1989',DATUM['D_ETRS_1989',SPHEROID['GRS_1980',6378137.0,298.257222101]],PRIMEM['Greenwich',0.0],UNIT['Degree',0.0174532925199433]],PROJECTION['Lambert_Azimuthal_Equal_Area'],PARAMETER['False_Easting',0.0],PARAMETER['False_Northing',0.0],PARAMETER['Central_Meridian',18.0],PARAMETER['Latitude_Of_Origin',50.0],UNIT['Meter',1.0]]</Process><Process ToolSource="C:\Program Files\ArcGIS\ArcToolbox\Toolboxes\Data Management Tools.tbx\Merge" Date="20100726" Time="160943">Merge tmp3;tmp1;Export_Output D:\BD_AIRE_JUIN2010\GREAT_NEW\NUTS\NUTS2006\AIRE_NUTS3_2006_wide.shp "SNUTS1 'SNUTS1' true true false 10 Text 0 0 ,First,#,tmp3,SNUTS1,-1,-1;NOM_SNTUS1 'NOM_SNTUS1' true true false 50 Text 0 0 ,First,#,tmp3,NOM_SNTUS1,-1,-1;SNUTS2 'SNUTS2' true true false 10 Text 0 0 ,First,#,tmp3,SNUTS2,-1,-1;NOM_SNUTS2 'NOM_SNUTS2' true true false 50 Text 0 0 ,First,#,tmp3,NOM_SNUTS2,-1,-1;SNUTS3 'SNUTS3' true true false 10 Text 0 0 ,First,#,tmp3,SNUTS3,-1,-1;NOM_SNUTS3 'NOM_SNUTS3' true true false 50 Text 0 0 ,First,#,tmp3,NOM_SNUTS3,-1,-1;NUTS0 'NUTS0' true true false 2 Text 0 0 ,First,#,tmp1,NUTS0,-1,-1;NUTS3 'NUTS3' true true false 10 Text 0 0 ,First,#,tmp1,NUTS3,-1,-1,Export_Output,NUTS3,-1,-1;SNUTS_ID 'SNUTS_ID' true true false 10 Text 0 0 ,First,#,tmp1,SNUTS_ID,-1,-1;NAME_12 'NAME_12' true true false 50 Text 0 0 ,First,#,tmp1,NAME_12,-1,-1;FID_1 'FID_1' true true false 9 Long 0 9 ,First,#,tmp1,FID_1,-1,-1;ID 'ID' true true false 10 Text 0 0 ,First,#,tmp1,ID,-1,-1;TYPE 'TYPE' true true false 30 Text 0 0 ,First,#,tmp1,TYPE,-1,-1;LEVEL 'LEVEL' true true false 5 Long 0 5 ,First,#,tmp1,LEVEL,-1,-1;id_1 'id_1' true true false 254 Text 0 0 ,First,#,tmp1,id_1,-1,-1;name 'name' true true false 254 Text 0 0 ,First,#,tmp1,name,-1,-1;deces2006 'deces2006' true true false 19 Double 0 0 ,First,#,tmp1,deces2006,-1,-1;deces2007 'deces2007' true true false 19 Double 0 0 ,First,#,tmp1,deces2007,-1,-1;naissances 'naissances' true true false 19 Double 0 0 ,First,#,tmp1,naissances,-1,-1;naissanc_1 'naissanc_1' true true false 19 Double 0 0 ,First,#,tmp1,naissanc_1,-1,-1;poptot2006 'poptot2006' true true false 19 Double 0 0 ,First,#,tmp1,poptot2006,-1,-1;poptot2007 'poptot2007' true true false 19 Double 0 0 ,First,#,tmp1,poptot2007,-1,-1;popfemm200 'popfemm200' true true false 19 Double 0 0 ,First,#,tmp1,popfemm200,-1,-1;popfemm2_1 'popfemm2_1' true true false 19 Double 0 0 ,First,#,tmp1,popfemm2_1,-1,-1;pophomm200 'pophomm200' true true false 19 Double 0 0 ,First,#,tmp1,pophomm200,-1,-1;pophomm2_1 'pophomm2_1' true true false 19 Double 0 0 ,First,#,tmp1,pophomm2_1,-1,-1;superficie 'superficie' true true false 10 Double 0 10 ,First,#,tmp1,superficie,-1,-1;poptot0_15 'poptot0_15' true true false 10 Double 0 10 ,First,#,tmp1,poptot0_15,-1,-1;poptot0_16 'poptot0_16' true true false 10 Double 0 10 ,First,#,tmp1,poptot0_16,-1,-1;pophom0_15 'pophom0_15' true true false 10 Double 0 10 ,First,#,tmp1,pophom0_15,-1,-1;pophom0_16 'pophom0_16' true true false 10 Double 0 10 ,First,#,tmp1,pophom0_16,-1,-1;popfem0_15 'popfem0_15' true true false 10 Double 0 10 ,First,#,tmp1,popfem0_15,-1,-1;popfem0_16 'popfem0_16' true true false 10 Double 0 10 ,First,#,tmp1,popfem0_16,-1,-1;poptot15_6 'poptot15_6' true true false 10 Double 0 10 ,First,#,tmp1,poptot15_6,-1,-1;poptot15_7 'poptot15_7' true true false 10 Double 0 10 ,First,#,tmp1,poptot15_7,-1,-1;pophom15_6 'pophom15_6' true true false 10 Double 0 10 ,First,#,tmp1,pophom15_6,-1,-1;pophom15_7 'pophom15_7' true true false 10 Double 0 10 ,First,#,tmp1,pophom15_7,-1,-1;popfem15_6 'popfem15_6' true true false 10 Double 0 10 ,First,#,tmp1,popfem15_6,-1,-1;popfem15_7 'popfem15_7' true true false 10 Double 0 10 ,First,#,tmp1,popfem15_7,-1,-1;popto65_pl 'popto65_pl' true true false 10 Double 0 10 ,First,#,tmp1,popto65_pl,-1,-1;popto65__1 'popto65__1' true true false 10 Double 0 10 ,First,#,tmp1,popto65__1,-1,-1;pophom65_p 'pophom65_p' true true false 10 Double 0 10 ,First,#,tmp1,pophom65_p,-1,-1;pophom65_1 'pophom65_1' true true false 10 Double 0 10 ,First,#,tmp1,pophom65_1,-1,-1;popfem65_p 'popfem65_p' true true false 10 Double 0 10 ,First,#,tmp1,popfem65_p,-1,-1;popfem65_1 'popfem65_1' true true false 10 Double 0 10 ,First,#,tmp1,popfem65_1,-1,-1;mig_intern 'mig_intern' true true false 10 Double 0 10 ,First,#,tmp1,mig_intern,-1,-1;mig_inte_1 'mig_inte_1' true true false 10 Double 0 10 ,First,#,tmp1,mig_inte_1,-1,-1;mig_inte_2 'mig_inte_2' true true false 10 Double 0 10 ,First,#,tmp1,mig_inte_2,-1,-1;mig_interr 'mig_interr' true true false 10 Double 0 10 ,First,#,tmp1,mig_interr,-1,-1;mig_inte_3 'mig_inte_3' true true false 10 Double 0 10 ,First,#,tmp1,mig_inte_3,-1,-1;mig_inte_4 'mig_inte_4' true true false 10 Double 0 10 ,First,#,tmp1,mig_inte_4,-1,-1;tx_fecondi 'tx_fecondi' true true false 254 Text 0 0 ,First,#,tmp1,tx_fecondi,-1,-1;tx_fecon_1 'tx_fecon_1' true true false 254 Text 0 0 ,First,#,tmp1,tx_fecon_1,-1,-1;NUTS2 'NUTS2' true true false 10 Text 0 0 ,First,#,tmp1,NUTS2,-1,-1"</Process><Process ToolSource="C:\Program Files\ArcGIS\ArcToolbox\Toolboxes\Data Management Tools.tbx\Dissolve" Date="20100726" Time="163043">Dissolve Export_Output_7 D:\BD_AIRE_JUIN2010\GREAT_NEW\NUTS\NUTS2006\AIRE_NUTS3_2006_wideok.shp NUTS3 "TYPE LAST" MULTI_PART DISSOLVE_LINES</Process><Process ToolSource="C:\Program Files\ArcGIS\ArcToolbox\Toolboxes\Data Management Tools.tbx\Dissolve" Date="20101110" Time="101131">Dissolve AIRE_NUTS3_2006_wide "C:\Documents and Settings\Utilisateur\Bureau\NUTS\AIRE_NUTS3_WIDE_2006.shp" NUTS3 # MULTI_PART DISSOLVE_LINES</Process><Process ToolSource="C:\Program Files\ArcGIS\ArcToolbox\Toolboxes\Analysis Tools.tbx\Union" Date="20101110" Time="111826">Union "'Copie de AIRE_NUTS3_WIDE_2006' #;AIRE_NUTS3_WIDE_2006 #" "C:\Documents and Settings\Utilisateur\Bureau\NUTS\_AIRE_NUTS3_WIDE_2006.shp" ALL "10 Meters" GAPS</Process><Process ToolSource="C:\Program Files\ArcGIS\ArcToolbox\Toolboxes\Analysis Tools.tbx\Intersect" Date="20101118" Time="134354">Intersect "AIRE_NUTS3_WIDE_2006 #;'Copie de AIRE_NUTS3_WIDE_2006' #" "C:\Documents and Settings\Utilisateur\Bureau\GEOMETRIES_FINAL\WIDE\AIRE_NUTS3_WIDE_2006_contig.shp" ALL # LINE</Process><Process ToolSource="C:\Program Files\ArcGIS\ArcToolbox\Toolboxes\Data Management Tools.tbx\Merge" Date="20101119" Time="104816">Merge AIRE_NUTS3_WIDE_2006_contig;AIRE_NUTS2_WIDE_2006_contig;AIRE_NUTS1_WIDE_2006_contig;AIRE_NUTS0_WIDE_2006_contig;contig_n23 "C:\Documents and Settings\Utilisateur\Bureau\GEOMETRIES_AIRE_dec2010\EU34\GEOM_EU34_NUTS2006_contig.shp" "ID 'ID' true true false 20 Text 0 0 ,First,#,AIRE_NUTS3_WIDE_2006_contig,ID,-1,-1,AIRE_NUTS2_WIDE_2006_contig,ID,-1,-1,AIRE_NUTS1_WIDE_2006_contig,ID,-1,-1,AIRE_NUTS0_WIDE_2006_contig,ID,-1,-1,contig_n23,ID,-1,-1;NUT3_A 'NUT3_A' true true false 10 Text 0 0 ,First,#,AIRE_NUTS3_WIDE_2006_contig,NUT3_A,-1,-1;NUTS3_B 'NUTS3_B' true true false 10 Text 0 0 ,First,#,AIRE_NUTS3_WIDE_2006_contig,NUTS3_B,-1,-1;level 'level' true true false 4 Short 0 4 ,First,#,AIRE_NUTS3_WIDE_2006_contig,level,-1,-1,AIRE_NUTS2_WIDE_2006_contig,level,-1,-1,AIRE_NUTS1_WIDE_2006_contig,level,-1,-1,AIRE_NUTS0_WIDE_2006_contig,level,-1,-1,contig_n23,level,-1,-1;NUTS2_A 'NUTS2_A' true true false 10 Text 0 0 ,First,#,AIRE_NUTS2_WIDE_2006_contig,NUTS2_A,-1,-1;NUTS2_B 'NUTS2_B' true true false 10 Text 0 0 ,First,#,AIRE_NUTS2_WIDE_2006_contig,NUTS2_B,-1,-1;NUTS1_A 'NUTS1_A' true true false 10 Text 0 0 ,First,#,AIRE_NUTS1_WIDE_2006_contig,NUTS1_A,-1,-1;NUTS1_B 'NUTS1_B' true true false 10 Text 0 0 ,First,#,AIRE_NUTS1_WIDE_2006_contig,NUTS1_B,-1,-1;NUTS0_A 'NUTS0_A' true true false 10 Text 0 0 ,First,#,AIRE_NUTS0_WIDE_2006_contig,NUTS0_A,-1,-1;NUTS0_B 'NUTS0_B' true true false 10 Text 0 0 ,First,#,AIRE_NUTS0_WIDE_2006_contig,NUTS0_B,-1,-1;ID_A 'ID_A' true true false 20 Text 0 0 ,First,#,contig_n23,ID_A,-1,-1;ID_B 'ID_B' true true false 10 Text 0 0 ,First,#,contig_n23,ID_B,-1,-1"</Process></lineage></DataProperties><SyncDate>20101119</SyncDate><SyncTime>10481400</SyncTime><ModDate>20101119</ModDate><ModTime>10481400</ModTime><MetaID>{E1BBDD01-2C96-47F1-A40F-B1764BFEA480}</MetaID></Esri><idinfo><native Sync="TRUE">Microsoft Windows XP Version 5.1 (Build 2600) Service Pack 3; ESRI ArcCatalog 9.3.0.1770</native><descript><langdata Sync="TRUE">fr</langdata><abstract>REQUIRED: A brief narrative summary of the data set.</abstract><purpose>REQUIRED: A summary of the intentions with which the data set was developed.</purpose></descript><citation><citeinfo><origin>REQUIRED: The name of an organization or individual that developed the data set.</origin><pubdate>REQUIRED: The date when the data set is published or otherwise made available for release.</pubdate><title Sync="TRUE">GEOM_EU34_NUTS2006_contig</title><ftname Sync="TRUE">GEOM_EU34_NUTS2006_contig</ftname><geoform Sync="TRUE">vector digital data</geoform><onlink Sync="TRUE">\\RIATECARTO\C$\Documents and Settings\Utilisateur\Bureau\GEOMETRIES_AIRE_dec2010\EU34\GEOM_EU34_NUTS2006_contig.shp</onlink></citeinfo></citation><timeperd><current>REQUIRED: The basis on which the time period of content information is determined.</current><timeinfo><sngdate><caldate>REQUIRED: The year (and optionally month, or month and day) for which the data set corresponds to the ground.</caldate></sngdate></timeinfo></timeperd><status><progress>REQUIRED: The state of the data set.</progress><update>REQUIRED: The frequency with which changes and additions are made to the data set after the initial data set is completed.</update></status><spdom><bounding><westbc Sync="TRUE">REQUIRED: Western-most coordinate of the limit of coverage expressed in longitude.</westbc><eastbc Sync="TRUE">REQUIRED: Eastern-most coordinate of the limit of coverage expressed in longitude.</eastbc><northbc Sync="TRUE">REQUIRED: Northern-most coordinate of the limit of coverage expressed in latitude.</northbc><southbc Sync="TRUE">REQUIRED: Southern-most coordinate of the limit of coverage expressed in latitude.</southbc></bounding></spdom><keywords><theme><themekt>REQUIRED: Reference to a formally registered thesaurus or a similar authoritative source of theme keywords.</themekt><themekey>REQUIRED: Common-use word or phrase used to describe the subject of the data set.</themekey></theme></keywords><accconst>REQUIRED: Restrictions and legal prerequisites for accessing the data set.</accconst><useconst>REQUIRED: Restrictions and legal prerequisites for using the data set after access is granted.</useconst><natvform Sync="TRUE">Fichier de formes</natvform></idinfo><dataIdInfo><envirDesc Sync="TRUE">Microsoft Windows XP Version 5.1 (Build 2600) Service Pack 3; ESRI ArcCatalog 9.3.0.1770</envirDesc><dataLang><languageCode Sync="TRUE" value="fr"></languageCode></dataLang><idCitation><resTitle Sync="TRUE">GEOM_EU34_NUTS2006_contig</resTitle></idCitation></dataIdInfo><metainfo><langmeta Sync="TRUE">fr</langmeta><metstdn Sync="TRUE">FGDC Content Standards for Digital Geospatial Metadata</metstdn><metstdv Sync="TRUE">FGDC-STD-001-1998</metstdv><mettc Sync="TRUE">local time</mettc><metc><cntinfo><cntorgp><cntper>REQUIRED: The person responsible for the metadata information.</cntper><cntorg>REQUIRED: The organization responsible for the metadata information.</cntorg></cntorgp><cntaddr><addrtype>REQUIRED: The mailing and/or physical address for the organization or individual.</addrtype><city>REQUIRED: The city of the address.</city><state>REQUIRED: The state or province of the address.</state><postal>REQUIRED: The ZIP or other postal code of the address.</postal></cntaddr><cntvoice>REQUIRED: The telephone number by which individuals can speak to the organization or individual.</cntvoice></cntinfo></metc><metd Sync="TRUE">20101119</metd><metextns><onlink Sync="TRUE">http://www.esri.com/metadata/esriprof80.html</onlink><metprof Sync="TRUE">ESRI Metadata Profile</metprof></metextns></metainfo><mdLang><languageCode Sync="TRUE" value="fr"></languageCode></mdLang><mdStanName Sync="TRUE">ISO 19115 Informations géographiques - Métadonnées</mdStanName><mdStanVer Sync="TRUE"># 11108</mdStanVer><mdChar><CharSetCd Sync="TRUE" value="# 11111"></CharSetCd></mdChar><mdHrLv><ScopeCd Sync="TRUE" value="# 11109"></ScopeCd></mdHrLv><mdHrLvName Sync="TRUE"># 11110</mdHrLvName><distinfo><resdesc Sync="TRUE">Downloadable Data</resdesc><stdorder><digform><digtinfo><transize Sync="TRUE">0,000</transize><dssize Sync="TRUE">0,000</dssize></digtinfo></digform></stdorder></distinfo><distInfo><distributor><distorTran><onLineSrc><orDesc Sync="TRUE">002</orDesc><linkage Sync="TRUE">file://\\RIATECARTO\C$\Documents and Settings\Utilisateur\Bureau\GEOMETRIES_AIRE_dec2010\EU34\GEOM_EU34_NUTS2006_contig.shp</linkage><protocol Sync="TRUE">Local Area Network</protocol></onLineSrc><transSize Sync="TRUE">0,000</transSize></distorTran><distorFormat><formatName Sync="TRUE">Fichier de formes</formatName></distorFormat></distributor></distInfo><spdoinfo><direct Sync="TRUE">Vector</direct><ptvctinf><esriterm Name="GEOM_EU34_NUTS2006_contig"><efeatyp Sync="TRUE">Simple</efeatyp><efeageom Sync="TRUE">Polyline</efeageom><esritopo Sync="TRUE">FALSE</esritopo><efeacnt Sync="TRUE">0</efeacnt><spindex Sync="TRUE">FALSE</spindex><linrefer Sync="TRUE">FALSE</linrefer></esriterm><sdtsterm Name="GEOM_EU34_NUTS2006_contig"><sdtstype Sync="TRUE">String</sdtstype><ptvctcnt Sync="TRUE">0</ptvctcnt></sdtsterm></ptvctinf></spdoinfo><spref><horizsys><cordsysn><geogcsn Sync="TRUE">GCS_ETRS_1989</geogcsn><projcsn Sync="TRUE">ETRS_1989_LAEA</projcsn></cordsysn><planar><planci><plance Sync="TRUE">coordinate pair</plance><plandu Sync="TRUE">meters</plandu><coordrep><absres Sync="TRUE">0.000000</absres><ordres Sync="TRUE">0.000000</ordres></coordrep></planci><mapproj><mapprojn Sync="TRUE">Lambert Azimuthal Equal Area</mapprojn><lamberta><longpc Sync="TRUE">10.000000</longpc><latprjc Sync="TRUE">52.000000</latprjc><feast Sync="TRUE">4321000.000000</feast><fnorth Sync="TRUE">3210000.000000</fnorth></lamberta></mapproj></planar><geodetic><horizdn Sync="TRUE">D_ETRS_1989</horizdn><ellips Sync="TRUE">Geodetic Reference System 80</ellips><semiaxis Sync="TRUE">6378137.000000</semiaxis><denflat Sync="TRUE">298.257222</denflat></geodetic></horizsys></spref><refSysInfo><RefSystem><refSysID><identCode Sync="TRUE">ETRS_1989_LAEA</identCode></refSysID></RefSystem></refSysInfo><spatRepInfo><VectSpatRep><topLvl><TopoLevCd Sync="TRUE" value="001"></TopoLevCd></topLvl><geometObjs Name="GEOM_EU34_NUTS2006_contig"><geoObjTyp><GeoObjTypCd Sync="TRUE" value="001"></GeoObjTypCd></geoObjTyp><geoObjCnt Sync="TRUE">0</geoObjCnt></geometObjs></VectSpatRep></spatRepInfo><eainfo><detailed Name="GEOM_EU34_NUTS2006_contig"><enttyp><enttypl Sync="TRUE">GEOM_EU34_NUTS2006_contig</enttypl><enttypt Sync="TRUE">Feature Class</enttypt><enttypc Sync="TRUE">0</enttypc></enttyp><attr><attrlabl Sync="TRUE">FID</attrlabl><attalias Sync="TRUE">FID</attalias><attrtype Sync="TRUE">OID</attrtype><attwidth Sync="TRUE">4</attwidth><atprecis Sync="TRUE">0</atprecis><attscale Sync="TRUE">0</attscale><attrdef Sync="TRUE">Internal feature number.</attrdef><attrdefs Sync="TRUE">ESRI</attrdefs><attrdomv><udom Sync="TRUE">Sequential unique whole numbers that are automatically generated.</udom></attrdomv></attr><attr><attrlabl Sync="TRUE">Shape</attrlabl><attalias Sync="TRUE">Shape</attalias><attrtype Sync="TRUE">Geometry</attrtype><attwidth Sync="TRUE">0</attwidth><atprecis Sync="TRUE">0</atprecis><attscale Sync="TRUE">0</attscale><attrdef Sync="TRUE">Feature geometry.</attrdef><attrdefs Sync="TRUE">ESRI</attrdefs><attrdomv><udom Sync="TRUE">Coordinates defining the features.</udom></attrdomv></attr><attr><attrlabl Sync="TRUE">ID</attrlabl><attalias Sync="TRUE">ID</attalias><attrtype Sync="TRUE">String</attrtype><attwidth Sync="TRUE">20</attwidth></attr><attr><attrlabl Sync="TRUE">NUT3_A</attrlabl><attalias Sync="TRUE">NUT3_A</attalias><attrtype Sync="TRUE">String</attrtype><attwidth Sync="TRUE">10</attwidth></attr><attr><attrlabl Sync="TRUE">NUTS3_B</attrlabl><attalias Sync="TRUE">NUTS3_B</attalias><attrtype Sync="TRUE">String</attrtype><attwidth Sync="TRUE">10</attwidth></attr><attr><attrlabl Sync="TRUE">level</attrlabl><attalias Sync="TRUE">level</attalias><attrtype Sync="TRUE">Number</attrtype><attwidth Sync="TRUE">4</attwidth></attr><attr><attrlabl Sync="TRUE">NUTS2_A</attrlabl><attalias Sync="TRUE">NUTS2_A</attalias><attrtype Sync="TRUE">String</attrtype><attwidth Sync="TRUE">10</attwidth></attr><attr><attrlabl Sync="TRUE">NUTS2_B</attrlabl><attalias Sync="TRUE">NUTS2_B</attalias><attrtype Sync="TRUE">String</attrtype><attwidth Sync="TRUE">10</attwidth></attr><attr><attrlabl Sync="TRUE">NUTS1_A</attrlabl><attalias Sync="TRUE">NUTS1_A</attalias><attrtype Sync="TRUE">String</attrtype><attwidth Sync="TRUE">10</attwidth></attr><attr><attrlabl Sync="TRUE">NUTS1_B</attrlabl><attalias Sync="TRUE">NUTS1_B</attalias><attrtype Sync="TRUE">String</attrtype><attwidth Sync="TRUE">10</attwidth></attr><attr><attrlabl Sync="TRUE">NUTS0_A</attrlabl><attalias Sync="TRUE">NUTS0_A</attalias><attrtype Sync="TRUE">String</attrtype><attwidth Sync="TRUE">10</attwidth></attr><attr><attrlabl Sync="TRUE">NUTS0_B</attrlabl><attalias Sync="TRUE">NUTS0_B</attalias><attrtype Sync="TRUE">String</attrtype><attwidth Sync="TRUE">10</attwidth></attr><attr><attrlabl Sync="TRUE">ID_A</attrlabl><attalias Sync="TRUE">ID_A</attalias><attrtype Sync="TRUE">String</attrtype><attwidth Sync="TRUE">20</attwidth></attr><attr><attrlabl Sync="TRUE">ID_B</attrlabl><attalias Sync="TRUE">ID_B</attalias><attrtype Sync="TRUE">String</attrtype><attwidth Sync="TRUE">10</attwidth></attr></detailed></eainfo><mdDateSt Sync="TRUE">20101119</mdDateSt><dataqual><lineage><procstep><procdesc Sync="TRUE">Jeu de données copié.</procdesc><srcused Sync="TRUE"></srcused><procdate Sync="TRUE">20100726</procdate><proctime Sync="TRUE">16264300</proctime></procstep><procstep><procdesc Sync="TRUE">Jeu de données copié.</procdesc><srcused Sync="TRUE"></srcused><procdate Sync="TRUE">20100726</procdate><proctime Sync="TRUE">16310100</proctime></procstep><procstep><procdesc Sync="TRUE">Jeu de données copié.</procdesc><srcused Sync="TRUE"></srcused><procdate Sync="TRUE">20101110</procdate><proctime Sync="TRUE">14061600</proctime></procstep></lineage></dataqual></metadata>
